Type,Local Number,Message,Field 1,Value 1,Units 1,Field 2,Value 2,Units 2,Field 3,Value 3,Units 3,Field 4,Value 4,Units 4
Definition,0,file_id,type,1,,manufacturer,1,,product,1,,serial_number,1,,time_created,1,
Data,0,file_id,type,4,,manufacturer,98,,product,2,,serial_number,09A7,,time_created,1450465478
Definition,1,session,timestamp,1,,sport,1,,total_elapsed_time,1,,total_timer_time,1,,start_time,1,
Data,1,session,timestamp,1450465478,s,sport,2,,total_elapsed_time,1450466368,s,total_timer_time,1450466368,s,start_time,1450465478,s
Definition,2,record,timestamp,1,,heart_rate,1,,smo2,1,,power,1,
Data,2,record,timestamp,1450465478,s,heart_rate,129,bpm,smo2,,percent,power,0,watts
Data,2,record,timestamp,1450465479,s,heart_rate,129,bpm,smo2,,percent,power,0,watts
Data,2,record,timestamp,1450465480,s,heart_rate,129,bpm,smo2,,percent,power,0,watts
Data,2,record,timestamp,1450465481,s,heart_rate,129,bpm,smo2,,percent,power,0,watts
Data,2,record,timestamp,1450465482,s,heart_rate,129,bpm,smo2,,percent,power,0,watts
Data,2,record,timestamp,1450465483,s,heart_rate,128,bpm,smo2,,percent,power,0,watts
Data,2,record,timestamp,1450465484,s,heart_rate,128,bpm,smo2,,percent,power,0,watts
Data,2,record,timestamp,1450465485,s,heart_rate,128,bpm,smo2,,percent,power,0,watts
Data,2,record,timestamp,1450465486,s,heart_rate,129,bpm,smo2,,percent,power,0,watts
Data,2,record,timestamp,1450465487,s,heart_rate,129,bpm,smo2,,percent,power,0,watts
Data,2,record,timestamp,1450465488,s,heart_rate,130,bpm,smo2,72.0,percent,power,0,watts
Data,2,record,timestamp,1450465489,s,heart_rate,130,bpm,smo2,71.7,percent,power,0,watts
Data,2,record,timestamp,1450465490,s,heart_rate,130,bpm,smo2,71.6,percent,power,0,watts
Data,2,record,timestamp,1450465491,s,heart_rate,131,bpm,smo2,71.7,percent,power,0,watts
Data,2,record,timestamp,1450465492,s,heart_rate,131,bpm,smo2,71.6,percent,power,0,watts
Data,2,record,timestamp,1450465493,s,heart_rate,132,bpm,smo2,71.5,percent,power,0,watts
Data,2,record,timestamp,1450465494,s,heart_rate,133,bpm,smo2,71.4,percent,power,0,watts
Data,2,record,timestamp,1450465495,s,heart_rate,133,bpm,smo2,71.3,percent,power,0,watts
Data,2,record,timestamp,1450465496,s,heart_rate,133,bpm,smo2,71.2,percent,power,0,watts
Data,2,record,timestamp,1450465497,s,heart_rate,133,bpm,smo2,71.1,percent,power,0,watts
Data,2,record,timestamp,1450465498,s,heart_rate,132,bpm,smo2,71.1,percent,power,0,watts
Data,2,record,timestamp,1450465499,s,heart_rate,131,bpm,smo2,71.0,percent,power,0,watts
Data,2,record,timestamp,1450465500,s,heart_rate,131,bpm,smo2,70.9,percent,power,0,watts
Data,2,record,timestamp,1450465501,s,heart_rate,130,bpm,smo2,70.8,percent,power,0,watts
Data,2,record,timestamp,1450465502,s,heart_rate,130,bpm,smo2,70.7,percent,power,0,watts
Data,2,record,timestamp,1450465503,s,heart_rate,130,bpm,smo2,70.6,percent,power,0,watts
Data,2,record,timestamp,1450465504,s,heart_rate,130,bpm,smo2,70.6,percent,power,0,watts
Data,2,record,timestamp,1450465505,s,heart_rate,130,bpm,smo2,70.7,percent,power,0,watts
Data,2,record,timestamp,1450465506,s,heart_rate,130,bpm,smo2,70.7,percent,power,0,watts
Data,2,record,timestamp,1450465507,s,heart_rate,129,bpm,smo2,70.7,percent,power,0,watts
Data,2,record,timestamp,1450465508,s,heart_rate,129,bpm,smo2,70.7,percent,power,0,watts
Data,2,record,timestamp,1450465509,s,heart_rate,129,bpm,smo2,70.7,percent,power,0,watts
Data,2,record,timestamp,1450465510,s,heart_rate,128,bpm,smo2,70.7,percent,power,0,watts
Data,2,record,timestamp,1450465511,s,heart_rate,128,bpm,smo2,70.7,percent,power,0,watts
Data,2,record,timestamp,1450465512,s,heart_rate,127,bpm,smo2,70.8,percent,power,0,watts
Data,2,record,timestamp,1450465513,s,heart_rate,127,bpm,smo2,70.7,percent,power,0,watts
Data,2,record,timestamp,1450465514,s,heart_rate,128,bpm,smo2,70.7,percent,power,0,watts
Data,2,record,timestamp,1450465515,s,heart_rate,128,bpm,smo2,70.6,percent,power,0,watts
Data,2,record,timestamp,1450465516,s,heart_rate,128,bpm,smo2,70.5,percent,power,0,watts
Data,2,record,timestamp,1450465517,s,heart_rate,129,bpm,smo2,70.3,percent,power,15,watts
Data,2,record,timestamp,1450465518,s,heart_rate,130,bpm,smo2,69.9,percent,power,233,watts
Data,2,record,timestamp,1450465519,s,heart_rate,130,bpm,smo2,69.2,percent,power,485,watts
Data,2,record,timestamp,1450465520,s,heart_rate,134,bpm,smo2,68.4,percent,power,485,watts
Data,2,record,timestamp,1450465521,s,heart_rate,134,bpm,smo2,67.2,percent,power,501,watts
Data,2,record,timestamp,1450465522,s,heart_rate,135,bpm,smo2,65.6,percent,power,523,watts
Data,2,record,timestamp,1450465523,s,heart_rate,137,bpm,smo2,64.0,percent,power,523,watts
Data,2,record,timestamp,1450465524,s,heart_rate,137,bpm,smo2,62.1,percent,power,523,watts
Data,2,record,timestamp,1450465525,s,heart_rate,138,bpm,smo2,60.7,percent,power,503,watts
Data,2,record,timestamp,1450465526,s,heart_rate,140,bpm,smo2,59.5,percent,power,500,watts
Data,2,record,timestamp,1450465527,s,heart_rate,140,bpm,smo2,58.0,percent,power,501,watts
Data,2,record,timestamp,1450465528,s,heart_rate,141,bpm,smo2,56.9,percent,power,501,watts
Data,2,record,timestamp,1450465529,s,heart_rate,141,bpm,smo2,55.3,percent,power,501,watts
Data,2,record,timestamp,1450465530,s,heart_rate,142,bpm,smo2,55.5,percent,power,501,watts
Data,2,record,timestamp,1450465531,s,heart_rate,143,bpm,smo2,54.8,percent,power,499,watts
Data,2,record,timestamp,1450465532,s,heart_rate,143,bpm,smo2,55.5,percent,power,499,watts
Data,2,record,timestamp,1450465533,s,heart_rate,145,bpm,smo2,55.2,percent,power,502,watts
Data,2,record,timestamp,1450465534,s,heart_rate,147,bpm,smo2,56.2,percent,power,498,watts
Data,2,record,timestamp,1450465535,s,heart_rate,147,bpm,smo2,55.4,percent,power,499,watts
Data,2,record,timestamp,1450465536,s,heart_rate,148,bpm,smo2,55.6,percent,power,499,watts
Data,2,record,timestamp,1450465537,s,heart_rate,148,bpm,smo2,54.7,percent,power,495,watts
Data,2,record,timestamp,1450465538,s,heart_rate,150,bpm,smo2,55.6,percent,power,495,watts
Data,2,record,timestamp,1450465539,s,heart_rate,151,bpm,smo2,55.7,percent,power,495,watts
Data,2,record,timestamp,1450465540,s,heart_rate,151,bpm,smo2,55.8,percent,power,495,watts
Data,2,record,timestamp,1450465541,s,heart_rate,152,bpm,smo2,56.0,percent,power,505,watts
Data,2,record,timestamp,1450465542,s,heart_rate,154,bpm,smo2,55.4,percent,power,505,watts
Data,2,record,timestamp,1450465543,s,heart_rate,154,bpm,smo2,56.5,percent,power,498,watts
Data,2,record,timestamp,1450465544,s,heart_rate,155,bpm,smo2,56.2,percent,power,498,watts
Data,2,record,timestamp,1450465545,s,heart_rate,155,bpm,smo2,56.5,percent,power,498,watts
Data,2,record,timestamp,1450465546,s,heart_rate,157,bpm,smo2,56.3,percent,power,493,watts
Data,2,record,timestamp,1450465547,s,heart_rate,158,bpm,smo2,56.7,percent,power,502,watts
Data,2,record,timestamp,1450465548,s,heart_rate,158,bpm,smo2,57.6,percent,power,502,watts
Data,2,record,timestamp,1450465549,s,heart_rate,159,bpm,smo2,58.0,percent,power,502,watts
Data,2,record,timestamp,1450465550,s,heart_rate,160,bpm,smo2,58.4,percent,power,320,watts
Data,2,record,timestamp,1450465551,s,heart_rate,160,bpm,smo2,58.4,percent,power,0,watts
Data,2,record,timestamp,1450465552,s,heart_rate,160,bpm,smo2,58.3,percent,power,0,watts
Data,2,record,timestamp,1450465553,s,heart_rate,160,bpm,smo2,58.4,percent,power,0,watts
Data,2,record,timestamp,1450465554,s,heart_rate,160,bpm,smo2,58.5,percent,power,0,watts
Data,2,record,timestamp,1450465555,s,heart_rate,161,bpm,smo2,58.6,percent,power,0,watts
Data,2,record,timestamp,1450465556,s,heart_rate,161,bpm,smo2,58.8,percent,power,0,watts
Data,2,record,timestamp,1450465557,s,heart_rate,161,bpm,smo2,59.1,percent,power,0,watts
Data,2,record,timestamp,1450465558,s,heart_rate,161,bpm,smo2,59.3,percent,power,0,watts
Data,2,record,timestamp,1450465559,s,heart_rate,161,bpm,smo2,59.5,percent,power,0,watts
Data,2,record,timestamp,1450465560,s,heart_rate,162,bpm,smo2,59.7,percent,power,0,watts
Data,2,record,timestamp,1450465561,s,heart_rate,162,bpm,smo2,60.0,percent,power,0,watts
Data,2,record,timestamp,1450465562,s,heart_rate,162,bpm,smo2,60.2,percent,power,0,watts
Data,2,record,timestamp,1450465563,s,heart_rate,162,bpm,smo2,60.4,percent,power,0,watts
Data,2,record,timestamp,1450465564,s,heart_rate,162,bpm,smo2,60.7,percent,power,0,watts
Data,2,record,timestamp,1450465565,s,heart_rate,162,bpm,smo2,60.9,percent,power,0,watts
Data,2,record,timestamp,1450465566,s,heart_rate,162,bpm,smo2,61.2,percent,power,0,watts
Data,2,record,timestamp,1450465567,s,heart_rate,162,bpm,smo2,61.5,percent,power,0,watts
Data,2,record,timestamp,1450465568,s,heart_rate,162,bpm,smo2,61.7,percent,power,0,watts
Data,2,record,timestamp,1450465569,s,heart_rate,162,bpm,smo2,62.0,percent,power,0,watts
Data,2,record,timestamp,1450465570,s,heart_rate,162,bpm,smo2,62.4,percent,power,0,watts
Data,2,record,timestamp,1450465571,s,heart_rate,162,bpm,smo2,62.8,percent,power,0,watts
Data,2,record,timestamp,1450465572,s,heart_rate,162,bpm,smo2,63.2,percent,power,0,watts
Data,2,record,timestamp,1450465573,s,heart_rate,162,bpm,smo2,63.6,percent,power,0,watts
Data,2,record,timestamp,1450465574,s,heart_rate,162,bpm,smo2,64.1,percent,power,0,watts
Data,2,record,timestamp,1450465575,s,heart_rate,162,bpm,smo2,64.7,percent,power,0,watts
Data,2,record,timestamp,1450465576,s,heart_rate,161,bpm,smo2,65.3,percent,power,0,watts
Data,2,record,timestamp,1450465577,s,heart_rate,161,bpm,smo2,65.9,percent,power,0,watts
Data,2,record,timestamp,1450465578,s,heart_rate,161,bpm,smo2,66.6,percent,power,0,watts
Data,2,record,timestamp,1450465579,s,heart_rate,160,bpm,smo2,67.2,percent,power,0,watts
Data,2,record,timestamp,1450465580,s,heart_rate,160,bpm,smo2,67.8,percent,power,0,watts
Data,2,record,timestamp,1450465581,s,heart_rate,160,bpm,smo2,68.2,percent,power,0,watts
Data,2,record,timestamp,1450465582,s,heart_rate,159,bpm,smo2,68.6,percent,power,0,watts
Data,2,record,timestamp,1450465583,s,heart_rate,159,bpm,smo2,68.9,percent,power,0,watts
Data,2,record,timestamp,1450465584,s,heart_rate,158,bpm,smo2,69.1,percent,power,0,watts
Data,2,record,timestamp,1450465585,s,heart_rate,158,bpm,smo2,69.3,percent,power,0,watts
Data,2,record,timestamp,1450465586,s,heart_rate,158,bpm,smo2,69.3,percent,power,0,watts
Data,2,record,timestamp,1450465587,s,heart_rate,157,bpm,smo2,69.3,percent,power,0,watts
Data,2,record,timestamp,1450465588,s,heart_rate,157,bpm,smo2,69.1,percent,power,0,watts
Data,2,record,timestamp,1450465589,s,heart_rate,156,bpm,smo2,69.0,percent,power,0,watts
Data,2,record,timestamp,1450465590,s,heart_rate,156,bpm,smo2,68.8,percent,power,0,watts
Data,2,record,timestamp,1450465591,s,heart_rate,156,bpm,smo2,68.7,percent,power,0,watts
Data,2,record,timestamp,1450465592,s,heart_rate,155,bpm,smo2,68.5,percent,power,0,watts
Data,2,record,timestamp,1450465593,s,heart_rate,155,bpm,smo2,68.4,percent,power,0,watts
Data,2,record,timestamp,1450465594,s,heart_rate,155,bpm,smo2,68.3,percent,power,0,watts
Data,2,record,timestamp,1450465595,s,heart_rate,154,bpm,smo2,68.2,percent,power,0,watts
Data,2,record,timestamp,1450465596,s,heart_rate,154,bpm,smo2,68.2,percent,power,0,watts
Data,2,record,timestamp,1450465597,s,heart_rate,154,bpm,smo2,68.2,percent,power,0,watts
Data,2,record,timestamp,1450465598,s,heart_rate,153,bpm,smo2,68.3,percent,power,0,watts
Data,2,record,timestamp,1450465599,s,heart_rate,153,bpm,smo2,68.3,percent,power,0,watts
Data,2,record,timestamp,1450465600,s,heart_rate,153,bpm,smo2,68.4,percent,power,0,watts
Data,2,record,timestamp,1450465601,s,heart_rate,153,bpm,smo2,68.4,percent,power,0,watts
Data,2,record,timestamp,1450465602,s,heart_rate,153,bpm,smo2,68.5,percent,power,0,watts
Data,2,record,timestamp,1450465603,s,heart_rate,152,bpm,smo2,68.5,percent,power,0,watts
Data,2,record,timestamp,1450465604,s,heart_rate,152,bpm,smo2,68.6,percent,power,0,watts
Data,2,record,timestamp,1450465605,s,heart_rate,152,bpm,smo2,68.6,percent,power,0,watts
Data,2,record,timestamp,1450465606,s,heart_rate,151,bpm,smo2,68.6,percent,power,0,watts
Data,2,record,timestamp,1450465607,s,heart_rate,151,bpm,smo2,68.6,percent,power,0,watts
Data,2,record,timestamp,1450465608,s,heart_rate,151,bpm,smo2,68.6,percent,power,0,watts
Data,2,record,timestamp,1450465609,s,heart_rate,151,bpm,smo2,68.5,percent,power,0,watts
Data,2,record,timestamp,1450465610,s,heart_rate,150,bpm,smo2,68.5,percent,power,0,watts
Data,2,record,timestamp,1450465611,s,heart_rate,150,bpm,smo2,68.6,percent,power,0,watts
Data,2,record,timestamp,1450465612,s,heart_rate,150,bpm,smo2,68.6,percent,power,0,watts
Data,2,record,timestamp,1450465613,s,heart_rate,150,bpm,smo2,68.7,percent,power,0,watts
Data,2,record,timestamp,1450465614,s,heart_rate,149,bpm,smo2,68.8,percent,power,0,watts
Data,2,record,timestamp,1450465615,s,heart_rate,149,bpm,smo2,68.8,percent,power,0,watts
Data,2,record,timestamp,1450465616,s,heart_rate,149,bpm,smo2,68.9,percent,power,0,watts
Data,2,record,timestamp,1450465617,s,heart_rate,149,bpm,smo2,68.9,percent,power,0,watts
Data,2,record,timestamp,1450465618,s,heart_rate,148,bpm,smo2,68.9,percent,power,0,watts
Data,2,record,timestamp,1450465619,s,heart_rate,148,bpm,smo2,68.9,percent,power,0,watts
Data,2,record,timestamp,1450465620,s,heart_rate,148,bpm,smo2,68.9,percent,power,0,watts
Data,2,record,timestamp,1450465621,s,heart_rate,147,bpm,smo2,68.9,percent,power,0,watts
Data,2,record,timestamp,1450465622,s,heart_rate,147,bpm,smo2,68.9,percent,power,0,watts
Data,2,record,timestamp,1450465623,s,heart_rate,147,bpm,smo2,69.0,percent,power,0,watts
Data,2,record,timestamp,1450465624,s,heart_rate,147,bpm,smo2,69.0,percent,power,0,watts
Data,2,record,timestamp,1450465625,s,heart_rate,147,bpm,smo2,69.0,percent,power,0,watts
Data,2,record,timestamp,1450465626,s,heart_rate,147,bpm,smo2,69.0,percent,power,0,watts
Data,2,record,timestamp,1450465627,s,heart_rate,147,bpm,smo2,69.1,percent,power,0,watts
Data,2,record,timestamp,1450465628,s,heart_rate,147,bpm,smo2,69.1,percent,power,0,watts
Data,2,record,timestamp,1450465629,s,heart_rate,147,bpm,smo2,69.1,percent,power,0,watts
Data,2,record,timestamp,1450465630,s,heart_rate,147,bpm,smo2,69.1,percent,power,0,watts
Data,2,record,timestamp,1450465631,s,heart_rate,147,bpm,smo2,69.1,percent,power,0,watts
Data,2,record,timestamp,1450465632,s,heart_rate,146,bpm,smo2,69.1,percent,power,0,watts
Data,2,record,timestamp,1450465633,s,heart_rate,146,bpm,smo2,69.1,percent,power,0,watts
Data,2,record,timestamp,1450465634,s,heart_rate,146,bpm,smo2,69.1,percent,power,0,watts
Data,2,record,timestamp,1450465635,s,heart_rate,146,bpm,smo2,69.1,percent,power,0,watts
Data,2,record,timestamp,1450465636,s,heart_rate,146,bpm,smo2,69.2,percent,power,0,watts
Data,2,record,timestamp,1450465637,s,heart_rate,146,bpm,smo2,69.2,percent,power,0,watts
Data,2,record,timestamp,1450465638,s,heart_rate,145,bpm,smo2,69.3,percent,power,0,watts
Data,2,record,timestamp,1450465639,s,heart_rate,145,bpm,smo2,69.3,percent,power,0,watts
Data,2,record,timestamp,1450465640,s,heart_rate,145,bpm,smo2,69.3,percent,power,0,watts
Data,2,record,timestamp,1450465641,s,heart_rate,145,bpm,smo2,69.4,percent,power,0,watts
Data,2,record,timestamp,1450465642,s,heart_rate,145,bpm,smo2,69.4,percent,power,0,watts
Data,2,record,timestamp,1450465643,s,heart_rate,144,bpm,smo2,69.4,percent,power,0,watts
Data,2,record,timestamp,1450465644,s,heart_rate,144,bpm,smo2,69.4,percent,power,0,watts
Data,2,record,timestamp,1450465645,s,heart_rate,144,bpm,smo2,69.3,percent,power,0,watts
Data,2,record,timestamp,1450465646,s,heart_rate,144,bpm,smo2,69.3,percent,power,0,watts
Data,2,record,timestamp,1450465647,s,heart_rate,144,bpm,smo2,69.3,percent,power,0,watts
Data,2,record,timestamp,1450465648,s,heart_rate,144,bpm,smo2,69.3,percent,power,0,watts
Data,2,record,timestamp,1450465649,s,heart_rate,144,bpm,smo2,69.3,percent,power,0,watts
Data,2,record,timestamp,1450465650,s,heart_rate,144,bpm,smo2,69.3,percent,power,0,watts
Data,2,record,timestamp,1450465651,s,heart_rate,144,bpm,smo2,69.3,percent,power,0,watts
Data,2,record,timestamp,1450465652,s,heart_rate,144,bpm,smo2,69.3,percent,power,0,watts
Data,2,record,timestamp,1450465653,s,heart_rate,144,bpm,smo2,69.3,percent,power,0,watts
Data,2,record,timestamp,1450465654,s,heart_rate,143,bpm,smo2,69.3,percent,power,0,watts
Data,2,record,timestamp,1450465655,s,heart_rate,143,bpm,smo2,69.2,percent,power,0,watts
Data,2,record,timestamp,1450465656,s,heart_rate,143,bpm,smo2,69.1,percent,power,0,watts
Data,2,record,timestamp,1450465657,s,heart_rate,143,bpm,smo2,69.1,percent,power,0,watts
Data,2,record,timestamp,1450465658,s,heart_rate,142,bpm,smo2,69.0,percent,power,0,watts
Data,2,record,timestamp,1450465659,s,heart_rate,143,bpm,smo2,69.1,percent,power,0,watts
Data,2,record,timestamp,1450465660,s,heart_rate,143,bpm,smo2,69.1,percent,power,0,watts
Data,2,record,timestamp,1450465661,s,heart_rate,143,bpm,smo2,69.1,percent,power,0,watts
Data,2,record,timestamp,1450465662,s,heart_rate,143,bpm,smo2,69.1,percent,power,0,watts
Data,2,record,timestamp,1450465663,s,heart_rate,143,bpm,smo2,69.1,percent,power,0,watts
Data,2,record,timestamp,1450465664,s,heart_rate,143,bpm,smo2,69.1,percent,power,0,watts
Data,2,record,timestamp,1450465665,s,heart_rate,143,bpm,smo2,69.1,percent,power,0,watts
Data,2,record,timestamp,1450465666,s,heart_rate,144,bpm,smo2,69.1,percent,power,0,watts
Data,2,record,timestamp,1450465667,s,heart_rate,144,bpm,smo2,69.1,percent,power,0,watts
Data,2,record,timestamp,1450465668,s,heart_rate,144,bpm,smo2,69.0,percent,power,0,watts
Data,2,record,timestamp,1450465669,s,heart_rate,144,bpm,smo2,69.0,percent,power,0,watts
Data,2,record,timestamp,1450465670,s,heart_rate,143,bpm,smo2,69.0,percent,power,0,watts
Data,2,record,timestamp,1450465671,s,heart_rate,143,bpm,smo2,69.0,percent,power,0,watts
Data,2,record,timestamp,1450465672,s,heart_rate,143,bpm,smo2,68.9,percent,power,0,watts
Data,2,record,timestamp,1450465673,s,heart_rate,143,bpm,smo2,68.9,percent,power,0,watts
Data,2,record,timestamp,1450465674,s,heart_rate,143,bpm,smo2,68.9,percent,power,0,watts
Data,2,record,timestamp,1450465675,s,heart_rate,143,bpm,smo2,68.8,percent,power,0,watts
Data,2,record,timestamp,1450465676,s,heart_rate,143,bpm,smo2,68.8,percent,power,0,watts
Data,2,record,timestamp,1450465677,s,heart_rate,142,bpm,smo2,68.8,percent,power,0,watts
Data,2,record,timestamp,1450465678,s,heart_rate,142,bpm,smo2,68.8,percent,power,0,watts
Data,2,record,timestamp,1450465679,s,heart_rate,142,bpm,smo2,68.8,percent,power,0,watts
Data,2,record,timestamp,1450465680,s,heart_rate,142,bpm,smo2,68.7,percent,power,0,watts
Data,2,record,timestamp,1450465681,s,heart_rate,142,bpm,smo2,68.7,percent,power,0,watts
Data,2,record,timestamp,1450465682,s,heart_rate,141,bpm,smo2,68.7,percent,power,0,watts
Data,2,record,timestamp,1450465683,s,heart_rate,141,bpm,smo2,68.7,percent,power,0,watts
Data,2,record,timestamp,1450465684,s,heart_rate,141,bpm,smo2,68.7,percent,power,0,watts
Data,2,record,timestamp,1450465685,s,heart_rate,141,bpm,smo2,68.7,percent,power,0,watts
Data,2,record,timestamp,1450465686,s,heart_rate,141,bpm,smo2,68.7,percent,power,0,watts
Data,2,record,timestamp,1450465687,s,heart_rate,141,bpm,smo2,68.7,percent,power,0,watts
Data,2,record,timestamp,1450465688,s,heart_rate,140,bpm,smo2,68.7,percent,power,0,watts
Data,2,record,timestamp,1450465689,s,heart_rate,140,bpm,smo2,68.7,percent,power,0,watts
Data,2,record,timestamp,1450465690,s,heart_rate,140,bpm,smo2,68.8,percent,power,0,watts
Data,2,record,timestamp,1450465691,s,heart_rate,140,bpm,smo2,68.8,percent,power,0,watts
Data,2,record,timestamp,1450465692,s,heart_rate,140,bpm,smo2,68.9,percent,power,0,watts
Data,2,record,timestamp,1450465693,s,heart_rate,140,bpm,smo2,68.9,percent,power,0,watts
Data,2,record,timestamp,1450465694,s,heart_rate,140,bpm,smo2,68.9,percent,power,0,watts
Data,2,record,timestamp,1450465695,s,heart_rate,140,bpm,smo2,68.9,percent,power,0,watts
Data,2,record,timestamp,1450465696,s,heart_rate,140,bpm,smo2,68.9,percent,power,0,watts
Data,2,record,timestamp,1450465697,s,heart_rate,140,bpm,smo2,68.9,percent,power,0,watts
Data,2,record,timestamp,1450465698,s,heart_rate,139,bpm,smo2,68.9,percent,power,0,watts
Data,2,record,timestamp,1450465699,s,heart_rate,139,bpm,smo2,68.9,percent,power,0,watts
Data,2,record,timestamp,1450465700,s,heart_rate,139,bpm,smo2,68.9,percent,power,0,watts
Data,2,record,timestamp,1450465701,s,heart_rate,139,bpm,smo2,68.8,percent,power,0,watts
Data,2,record,timestamp,1450465702,s,heart_rate,138,bpm,smo2,68.8,percent,power,0,watts
Data,2,record,timestamp,1450465703,s,heart_rate,138,bpm,smo2,68.7,percent,power,0,watts
Data,2,record,timestamp,1450465704,s,heart_rate,139,bpm,smo2,68.7,percent,power,0,watts
Data,2,record,timestamp,1450465705,s,heart_rate,139,bpm,smo2,68.7,percent,power,0,watts
Data,2,record,timestamp,1450465706,s,heart_rate,138,bpm,smo2,68.7,percent,power,0,watts
Data,2,record,timestamp,1450465707,s,heart_rate,139,bpm,smo2,68.7,percent,power,0,watts
Data,2,record,timestamp,1450465708,s,heart_rate,139,bpm,smo2,68.6,percent,power,0,watts
Data,2,record,timestamp,1450465709,s,heart_rate,139,bpm,smo2,68.3,percent,power,189,watts
Data,2,record,timestamp,1450465710,s,heart_rate,141,bpm,smo2,67.7,percent,power,477,watts
Data,2,record,timestamp,1450465711,s,heart_rate,141,bpm,smo2,67.2,percent,power,477,watts
Data,2,record,timestamp,1450465712,s,heart_rate,142,bpm,smo2,66.7,percent,power,477,watts
Data,2,record,timestamp,1450465713,s,heart_rate,142,bpm,smo2,65.7,percent,power,496,watts
Data,2,record,timestamp,1450465714,s,heart_rate,143,bpm,smo2,64.7,percent,power,496,watts
Data,2,record,timestamp,1450465715,s,heart_rate,144,bpm,smo2,63.3,percent,power,496,watts
Data,2,record,timestamp,1450465716,s,heart_rate,144,bpm,smo2,62.3,percent,power,505,watts
Data,2,record,timestamp,1450465717,s,heart_rate,145,bpm,smo2,61.2,percent,power,504,watts
Data,2,record,timestamp,1450465718,s,heart_rate,145,bpm,smo2,60.2,percent,power,507,watts
Data,2,record,timestamp,1450465719,s,heart_rate,145,bpm,smo2,59.2,percent,power,493,watts
Data,2,record,timestamp,1450465720,s,heart_rate,146,bpm,smo2,58.1,percent,power,493,watts
Data,2,record,timestamp,1450465721,s,heart_rate,146,bpm,smo2,57.3,percent,power,493,watts
Data,2,record,timestamp,1450465722,s,heart_rate,147,bpm,smo2,56.8,percent,power,493,watts
Data,2,record,timestamp,1450465723,s,heart_rate,148,bpm,smo2,56.5,percent,power,503,watts
Data,2,record,timestamp,1450465724,s,heart_rate,148,bpm,smo2,56.2,percent,power,503,watts
Data,2,record,timestamp,1450465725,s,heart_rate,149,bpm,smo2,55.9,percent,power,503,watts
Data,2,record,timestamp,1450465726,s,heart_rate,150,bpm,smo2,56.0,percent,power,503,watts
Data,2,record,timestamp,1450465727,s,heart_rate,150,bpm,smo2,56.2,percent,power,503,watts
Data,2,record,timestamp,1450465728,s,heart_rate,152,bpm,smo2,55.9,percent,power,499,watts
Data,2,record,timestamp,1450465729,s,heart_rate,152,bpm,smo2,55.3,percent,power,500,watts
Data,2,record,timestamp,1450465730,s,heart_rate,153,bpm,smo2,55.0,percent,power,491,watts
Data,2,record,timestamp,1450465731,s,heart_rate,154,bpm,smo2,55.3,percent,power,497,watts
Data,2,record,timestamp,1450465732,s,heart_rate,154,bpm,smo2,55.5,percent,power,497,watts
Data,2,record,timestamp,1450465733,s,heart_rate,155,bpm,smo2,56.0,percent,power,495,watts
Data,2,record,timestamp,1450465734,s,heart_rate,157,bpm,smo2,56.4,percent,power,498,watts
Data,2,record,timestamp,1450465735,s,heart_rate,157,bpm,smo2,56.5,percent,power,498,watts
Data,2,record,timestamp,1450465736,s,heart_rate,159,bpm,smo2,56.4,percent,power,501,watts
Data,2,record,timestamp,1450465737,s,heart_rate,159,bpm,smo2,56.5,percent,power,501,watts
Data,2,record,timestamp,1450465738,s,heart_rate,160,bpm,smo2,56.9,percent,power,500,watts
Data,2,record,timestamp,1450465739,s,heart_rate,161,bpm,smo2,57.5,percent,power,397,watts
Data,2,record,timestamp,1450465740,s,heart_rate,161,bpm,smo2,57.7,percent,power,0,watts
Data,2,record,timestamp,1450465741,s,heart_rate,162,bpm,smo2,57.7,percent,power,0,watts
Data,2,record,timestamp,1450465742,s,heart_rate,162,bpm,smo2,57.5,percent,power,0,watts
Data,2,record,timestamp,1450465743,s,heart_rate,162,bpm,smo2,57.5,percent,power,0,watts
Data,2,record,timestamp,1450465744,s,heart_rate,162,bpm,smo2,57.5,percent,power,0,watts
Data,2,record,timestamp,1450465745,s,heart_rate,162,bpm,smo2,57.7,percent,power,0,watts
Data,2,record,timestamp,1450465746,s,heart_rate,162,bpm,smo2,57.8,percent,power,0,watts
Data,2,record,timestamp,1450465747,s,heart_rate,162,bpm,smo2,58.0,percent,power,0,watts
Data,2,record,timestamp,1450465748,s,heart_rate,162,bpm,smo2,58.2,percent,power,0,watts
Data,2,record,timestamp,1450465749,s,heart_rate,163,bpm,smo2,58.4,percent,power,0,watts
Data,2,record,timestamp,1450465750,s,heart_rate,163,bpm,smo2,58.7,percent,power,0,watts
Data,2,record,timestamp,1450465751,s,heart_rate,163,bpm,smo2,58.9,percent,power,0,watts
Data,2,record,timestamp,1450465752,s,heart_rate,163,bpm,smo2,59.2,percent,power,0,watts
Data,2,record,timestamp,1450465753,s,heart_rate,163,bpm,smo2,59.4,percent,power,0,watts
Data,2,record,timestamp,1450465754,s,heart_rate,163,bpm,smo2,59.7,percent,power,0,watts
Data,2,record,timestamp,1450465755,s,heart_rate,164,bpm,smo2,60.0,percent,power,0,watts
Data,2,record,timestamp,1450465756,s,heart_rate,164,bpm,smo2,60.3,percent,power,0,watts
Data,2,record,timestamp,1450465757,s,heart_rate,164,bpm,smo2,60.6,percent,power,0,watts
Data,2,record,timestamp,1450465758,s,heart_rate,163,bpm,smo2,61.0,percent,power,0,watts
Data,2,record,timestamp,1450465759,s,heart_rate,163,bpm,smo2,61.5,percent,power,0,watts
Data,2,record,timestamp,1450465760,s,heart_rate,163,bpm,smo2,61.9,percent,power,0,watts
Data,2,record,timestamp,1450465761,s,heart_rate,163,bpm,smo2,62.4,percent,power,0,watts
Data,2,record,timestamp,1450465762,s,heart_rate,163,bpm,smo2,63.0,percent,power,0,watts
Data,2,record,timestamp,1450465763,s,heart_rate,163,bpm,smo2,63.5,percent,power,0,watts
Data,2,record,timestamp,1450465764,s,heart_rate,163,bpm,smo2,63.9,percent,power,0,watts
Data,2,record,timestamp,1450465765,s,heart_rate,162,bpm,smo2,64.3,percent,power,0,watts
Data,2,record,timestamp,1450465766,s,heart_rate,162,bpm,smo2,64.5,percent,power,0,watts
Data,2,record,timestamp,1450465767,s,heart_rate,162,bpm,smo2,64.7,percent,power,0,watts
Data,2,record,timestamp,1450465768,s,heart_rate,162,bpm,smo2,64.8,percent,power,0,watts
Data,2,record,timestamp,1450465769,s,heart_rate,162,bpm,smo2,64.9,percent,power,0,watts
Data,2,record,timestamp,1450465770,s,heart_rate,161,bpm,smo2,64.9,percent,power,0,watts
Data,2,record,timestamp,1450465771,s,heart_rate,161,bpm,smo2,64.9,percent,power,0,watts
Data,2,record,timestamp,1450465772,s,heart_rate,161,bpm,smo2,64.8,percent,power,0,watts
Data,2,record,timestamp,1450465773,s,heart_rate,160,bpm,smo2,64.8,percent,power,0,watts
Data,2,record,timestamp,1450465774,s,heart_rate,160,bpm,smo2,64.8,percent,power,0,watts
Data,2,record,timestamp,1450465775,s,heart_rate,160,bpm,smo2,64.7,percent,power,0,watts
Data,2,record,timestamp,1450465776,s,heart_rate,160,bpm,smo2,64.6,percent,power,0,watts
Data,2,record,timestamp,1450465777,s,heart_rate,160,bpm,smo2,64.5,percent,power,0,watts
Data,2,record,timestamp,1450465778,s,heart_rate,159,bpm,smo2,64.3,percent,power,0,watts
Data,2,record,timestamp,1450465779,s,heart_rate,159,bpm,smo2,64.2,percent,power,0,watts
Data,2,record,timestamp,1450465780,s,heart_rate,159,bpm,smo2,64.1,percent,power,0,watts
Data,2,record,timestamp,1450465781,s,heart_rate,159,bpm,smo2,64.1,percent,power,0,watts
Data,2,record,timestamp,1450465782,s,heart_rate,158,bpm,smo2,64.0,percent,power,0,watts
Data,2,record,timestamp,1450465783,s,heart_rate,158,bpm,smo2,64.1,percent,power,0,watts
Data,2,record,timestamp,1450465784,s,heart_rate,157,bpm,smo2,64.1,percent,power,0,watts
Data,2,record,timestamp,1450465785,s,heart_rate,157,bpm,smo2,64.1,percent,power,0,watts
Data,2,record,timestamp,1450465786,s,heart_rate,157,bpm,smo2,64.2,percent,power,0,watts
Data,2,record,timestamp,1450465787,s,heart_rate,156,bpm,smo2,64.2,percent,power,0,watts
Data,2,record,timestamp,1450465788,s,heart_rate,156,bpm,smo2,64.2,percent,power,0,watts
Data,2,record,timestamp,1450465789,s,heart_rate,155,bpm,smo2,64.2,percent,power,0,watts
Data,2,record,timestamp,1450465790,s,heart_rate,155,bpm,smo2,64.2,percent,power,0,watts
Data,2,record,timestamp,1450465791,s,heart_rate,155,bpm,smo2,64.2,percent,power,0,watts
Data,2,record,timestamp,1450465792,s,heart_rate,155,bpm,smo2,64.1,percent,power,0,watts
Data,2,record,timestamp,1450465793,s,heart_rate,155,bpm,smo2,64.1,percent,power,0,watts
Data,2,record,timestamp,1450465794,s,heart_rate,154,bpm,smo2,64.1,percent,power,0,watts
Data,2,record,timestamp,1450465795,s,heart_rate,154,bpm,smo2,64.0,percent,power,0,watts
Data,2,record,timestamp,1450465796,s,heart_rate,154,bpm,smo2,64.0,percent,power,0,watts
Data,2,record,timestamp,1450465797,s,heart_rate,153,bpm,smo2,63.9,percent,power,0,watts
Data,2,record,timestamp,1450465798,s,heart_rate,153,bpm,smo2,63.8,percent,power,0,watts
Data,2,record,timestamp,1450465799,s,heart_rate,153,bpm,smo2,63.7,percent,power,0,watts
Data,2,record,timestamp,1450465800,s,heart_rate,153,bpm,smo2,63.6,percent,power,0,watts
Data,2,record,timestamp,1450465801,s,heart_rate,153,bpm,smo2,63.5,percent,power,0,watts
Data,2,record,timestamp,1450465802,s,heart_rate,153,bpm,smo2,63.4,percent,power,0,watts
Data,2,record,timestamp,1450465803,s,heart_rate,153,bpm,smo2,63.3,percent,power,0,watts
Data,2,record,timestamp,1450465804,s,heart_rate,153,bpm,smo2,63.3,percent,power,0,watts
Data,2,record,timestamp,1450465805,s,heart_rate,152,bpm,smo2,63.2,percent,power,0,watts
Data,2,record,timestamp,1450465806,s,heart_rate,152,bpm,smo2,63.1,percent,power,0,watts
Data,2,record,timestamp,1450465807,s,heart_rate,152,bpm,smo2,63.1,percent,power,0,watts
Data,2,record,timestamp,1450465808,s,heart_rate,151,bpm,smo2,63.1,percent,power,0,watts
Data,2,record,timestamp,1450465809,s,heart_rate,151,bpm,smo2,62.9,percent,power,0,watts
Data,2,record,timestamp,1450465810,s,heart_rate,152,bpm,smo2,62.8,percent,power,0,watts
Data,2,record,timestamp,1450465811,s,heart_rate,151,bpm,smo2,62.6,percent,power,0,watts
Data,2,record,timestamp,1450465812,s,heart_rate,151,bpm,smo2,62.7,percent,power,0,watts
Data,2,record,timestamp,1450465813,s,heart_rate,151,bpm,smo2,62.8,percent,power,0,watts
Data,2,record,timestamp,1450465814,s,heart_rate,150,bpm,smo2,63.0,percent,power,0,watts
Data,2,record,timestamp,1450465815,s,heart_rate,150,bpm,smo2,63.1,percent,power,0,watts
Data,2,record,timestamp,1450465816,s,heart_rate,150,bpm,smo2,63.2,percent,power,0,watts
Data,2,record,timestamp,1450465817,s,heart_rate,150,bpm,smo2,63.3,percent,power,0,watts
Data,2,record,timestamp,1450465818,s,heart_rate,149,bpm,smo2,63.3,percent,power,0,watts
Data,2,record,timestamp,1450465819,s,heart_rate,148,bpm,smo2,63.4,percent,power,0,watts
Data,2,record,timestamp,1450465820,s,heart_rate,148,bpm,smo2,63.5,percent,power,0,watts
Data,2,record,timestamp,1450465821,s,heart_rate,148,bpm,smo2,63.5,percent,power,0,watts
Data,2,record,timestamp,1450465822,s,heart_rate,148,bpm,smo2,63.6,percent,power,0,watts
Data,2,record,timestamp,1450465823,s,heart_rate,148,bpm,smo2,63.6,percent,power,0,watts
Data,2,record,timestamp,1450465824,s,heart_rate,148,bpm,smo2,63.7,percent,power,0,watts
Data,2,record,timestamp,1450465825,s,heart_rate,148,bpm,smo2,63.7,percent,power,0,watts
Data,2,record,timestamp,1450465826,s,heart_rate,147,bpm,smo2,63.8,percent,power,0,watts
Data,2,record,timestamp,1450465827,s,heart_rate,147,bpm,smo2,63.8,percent,power,0,watts
Data,2,record,timestamp,1450465828,s,heart_rate,147,bpm,smo2,63.8,percent,power,0,watts
Data,2,record,timestamp,1450465829,s,heart_rate,146,bpm,smo2,63.8,percent,power,0,watts
Data,2,record,timestamp,1450465830,s,heart_rate,146,bpm,smo2,63.9,percent,power,0,watts
Data,2,record,timestamp,1450465831,s,heart_rate,146,bpm,smo2,63.9,percent,power,0,watts
Data,2,record,timestamp,1450465832,s,heart_rate,146,bpm,smo2,64.0,percent,power,0,watts
Data,2,record,timestamp,1450465833,s,heart_rate,146,bpm,smo2,64.0,percent,power,0,watts
Data,2,record,timestamp,1450465834,s,heart_rate,146,bpm,smo2,64.1,percent,power,0,watts
Data,2,record,timestamp,1450465835,s,heart_rate,146,bpm,smo2,64.1,percent,power,0,watts
Data,2,record,timestamp,1450465836,s,heart_rate,146,bpm,smo2,64.3,percent,power,0,watts
Data,2,record,timestamp,1450465837,s,heart_rate,146,bpm,smo2,64.4,percent,power,0,watts
Data,2,record,timestamp,1450465838,s,heart_rate,145,bpm,smo2,64.5,percent,power,0,watts
Data,2,record,timestamp,1450465839,s,heart_rate,145,bpm,smo2,64.6,percent,power,0,watts
Data,2,record,timestamp,1450465840,s,heart_rate,145,bpm,smo2,64.7,percent,power,0,watts
Data,2,record,timestamp,1450465841,s,heart_rate,145,bpm,smo2,64.7,percent,power,0,watts
Data,2,record,timestamp,1450465842,s,heart_rate,145,bpm,smo2,64.7,percent,power,0,watts
Data,2,record,timestamp,1450465843,s,heart_rate,144,bpm,smo2,64.7,percent,power,0,watts
Data,2,record,timestamp,1450465844,s,heart_rate,144,bpm,smo2,64.7,percent,power,0,watts
Data,2,record,timestamp,1450465845,s,heart_rate,144,bpm,smo2,64.9,percent,power,0,watts
Data,2,record,timestamp,1450465846,s,heart_rate,144,bpm,smo2,64.6,percent,power,0,watts
Data,2,record,timestamp,1450465847,s,heart_rate,144,bpm,smo2,64.3,percent,power,33,watts
Data,2,record,timestamp,1450465848,s,heart_rate,145,bpm,smo2,63.8,percent,power,368,watts
Data,2,record,timestamp,1450465849,s,heart_rate,145,bpm,smo2,63.9,percent,power,368,watts
Data,2,record,timestamp,1450465850,s,heart_rate,147,bpm,smo2,63.9,percent,power,499,watts
Data,2,record,timestamp,1450465851,s,heart_rate,147,bpm,smo2,63.6,percent,power,499,watts
Data,2,record,timestamp,1450465852,s,heart_rate,147,bpm,smo2,62.6,percent,power,500,watts
Data,2,record,timestamp,1450465853,s,heart_rate,147,bpm,smo2,61.4,percent,power,500,watts
Data,2,record,timestamp,1450465854,s,heart_rate,148,bpm,smo2,60.2,percent,power,500,watts
Data,2,record,timestamp,1450465855,s,heart_rate,148,bpm,smo2,58.9,percent,power,500,watts
Data,2,record,timestamp,1450465856,s,heart_rate,148,bpm,smo2,57.9,percent,power,500,watts
Data,2,record,timestamp,1450465857,s,heart_rate,148,bpm,smo2,57.1,percent,power,496,watts
Data,2,record,timestamp,1450465858,s,heart_rate,149,bpm,smo2,56.8,percent,power,502,watts
Data,2,record,timestamp,1450465859,s,heart_rate,150,bpm,smo2,56.4,percent,power,502,watts
Data,2,record,timestamp,1450465860,s,heart_rate,150,bpm,smo2,56.3,percent,power,498,watts
Data,2,record,timestamp,1450465861,s,heart_rate,150,bpm,smo2,56.2,percent,power,498,watts
Data,2,record,timestamp,1450465862,s,heart_rate,151,bpm,smo2,55.8,percent,power,498,watts
Data,2,record,timestamp,1450465863,s,heart_rate,151,bpm,smo2,55.5,percent,power,498,watts
Data,2,record,timestamp,1450465864,s,heart_rate,152,bpm,smo2,55.5,percent,power,498,watts
Data,2,record,timestamp,1450465865,s,heart_rate,152,bpm,smo2,56.1,percent,power,498,watts
Data,2,record,timestamp,1450465866,s,heart_rate,154,bpm,smo2,55.9,percent,power,491,watts
Data,2,record,timestamp,1450465867,s,heart_rate,155,bpm,smo2,55.9,percent,power,491,watts
Data,2,record,timestamp,1450465868,s,heart_rate,155,bpm,smo2,55.7,percent,power,498,watts
Data,2,record,timestamp,1450465869,s,heart_rate,156,bpm,smo2,55.8,percent,power,498,watts
Data,2,record,timestamp,1450465870,s,heart_rate,157,bpm,smo2,55.6,percent,power,493,watts
Data,2,record,timestamp,1450465871,s,heart_rate,157,bpm,smo2,55.5,percent,power,495,watts
Data,2,record,timestamp,1450465872,s,heart_rate,159,bpm,smo2,56.0,percent,power,505,watts
Data,2,record,timestamp,1450465873,s,heart_rate,159,bpm,smo2,56.4,percent,power,505,watts
Data,2,record,timestamp,1450465874,s,heart_rate,161,bpm,smo2,56.4,percent,power,494,watts
Data,2,record,timestamp,1450465875,s,heart_rate,162,bpm,smo2,56.2,percent,power,494,watts
Data,2,record,timestamp,1450465876,s,heart_rate,162,bpm,smo2,56.2,percent,power,501,watts
Data,2,record,timestamp,1450465877,s,heart_rate,164,bpm,smo2,56.6,percent,power,501,watts
Data,2,record,timestamp,1450465878,s,heart_rate,165,bpm,smo2,57.2,percent,power,471,watts
Data,2,record,timestamp,1450465879,s,heart_rate,165,bpm,smo2,57.6,percent,power,471,watts
Data,2,record,timestamp,1450465880,s,heart_rate,165,bpm,smo2,57.8,percent,power,471,watts
Data,2,record,timestamp,1450465881,s,heart_rate,165,bpm,smo2,57.8,percent,power,238,watts
Data,2,record,timestamp,1450465882,s,heart_rate,166,bpm,smo2,58.1,percent,power,238,watts
Data,2,record,timestamp,1450465883,s,heart_rate,166,bpm,smo2,57.9,percent,power,238,watts
Data,2,record,timestamp,1450465884,s,heart_rate,166,bpm,smo2,57.6,percent,power,238,watts
Data,2,record,timestamp,1450465885,s,heart_rate,166,bpm,smo2,57.4,percent,power,238,watts
Data,2,record,timestamp,1450465886,s,heart_rate,166,bpm,smo2,57.7,percent,power,238,watts
Data,2,record,timestamp,1450465887,s,heart_rate,166,bpm,smo2,58.0,percent,power,238,watts
Data,2,record,timestamp,1450465888,s,heart_rate,166,bpm,smo2,58.3,percent,power,238,watts
Data,2,record,timestamp,1450465889,s,heart_rate,166,bpm,smo2,58.5,percent,power,238,watts
Data,2,record,timestamp,1450465890,s,heart_rate,166,bpm,smo2,58.8,percent,power,238,watts
Data,2,record,timestamp,1450465891,s,heart_rate,167,bpm,smo2,59.0,percent,power,238,watts
Data,2,record,timestamp,1450465892,s,heart_rate,167,bpm,smo2,59.3,percent,power,238,watts
Data,2,record,timestamp,1450465893,s,heart_rate,167,bpm,smo2,59.5,percent,power,238,watts
Data,2,record,timestamp,1450465894,s,heart_rate,167,bpm,smo2,59.8,percent,power,238,watts
Data,2,record,timestamp,1450465895,s,heart_rate,167,bpm,smo2,60.0,percent,power,238,watts
Data,2,record,timestamp,1450465896,s,heart_rate,167,bpm,smo2,60.4,percent,power,238,watts
Data,2,record,timestamp,1450465897,s,heart_rate,167,bpm,smo2,61.0,percent,power,238,watts
Data,2,record,timestamp,1450465898,s,heart_rate,167,bpm,smo2,61.7,percent,power,238,watts
Data,2,record,timestamp,1450465899,s,heart_rate,167,bpm,smo2,62.2,percent,power,238,watts
Data,2,record,timestamp,1450465900,s,heart_rate,167,bpm,smo2,62.6,percent,power,238,watts
Data,2,record,timestamp,1450465901,s,heart_rate,167,bpm,smo2,62.9,percent,power,238,watts
Data,2,record,timestamp,1450465902,s,heart_rate,167,bpm,smo2,63.1,percent,power,238,watts
Data,2,record,timestamp,1450465903,s,heart_rate,167,bpm,smo2,63.3,percent,power,238,watts
Data,2,record,timestamp,1450465904,s,heart_rate,166,bpm,smo2,63.7,percent,power,238,watts
Data,2,record,timestamp,1450465905,s,heart_rate,166,bpm,smo2,64.0,percent,power,238,watts
Data,2,record,timestamp,1450465906,s,heart_rate,166,bpm,smo2,64.4,percent,power,238,watts
Data,2,record,timestamp,1450465907,s,heart_rate,165,bpm,smo2,64.7,percent,power,238,watts
Data,2,record,timestamp,1450465908,s,heart_rate,165,bpm,smo2,64.8,percent,power,238,watts
Data,2,record,timestamp,1450465909,s,heart_rate,165,bpm,smo2,64.9,percent,power,238,watts
Data,2,record,timestamp,1450465910,s,heart_rate,164,bpm,smo2,64.9,percent,power,238,watts
Data,2,record,timestamp,1450465911,s,heart_rate,164,bpm,smo2,64.8,percent,power,238,watts
Data,2,record,timestamp,1450465912,s,heart_rate,164,bpm,smo2,64.7,percent,power,238,watts
Data,2,record,timestamp,1450465913,s,heart_rate,164,bpm,smo2,64.6,percent,power,238,watts
Data,2,record,timestamp,1450465914,s,heart_rate,163,bpm,smo2,64.4,percent,power,238,watts
Data,2,record,timestamp,1450465915,s,heart_rate,162,bpm,smo2,64.2,percent,power,238,watts
Data,2,record,timestamp,1450465916,s,heart_rate,162,bpm,smo2,64.2,percent,power,238,watts
Data,2,record,timestamp,1450465917,s,heart_rate,162,bpm,smo2,64.3,percent,power,238,watts
Data,2,record,timestamp,1450465918,s,heart_rate,161,bpm,smo2,64.5,percent,power,0,watts
Data,2,record,timestamp,1450465919,s,heart_rate,161,bpm,smo2,64.5,percent,power,0,watts
Data,2,record,timestamp,1450465920,s,heart_rate,160,bpm,smo2,64.4,percent,power,0,watts
Data,2,record,timestamp,1450465921,s,heart_rate,160,bpm,smo2,64.2,percent,power,0,watts
Data,2,record,timestamp,1450465922,s,heart_rate,160,bpm,smo2,64.1,percent,power,0,watts
Data,2,record,timestamp,1450465923,s,heart_rate,159,bpm,smo2,64.1,percent,power,0,watts
Data,2,record,timestamp,1450465924,s,heart_rate,159,bpm,smo2,64.1,percent,power,0,watts
Data,2,record,timestamp,1450465925,s,heart_rate,158,bpm,smo2,64.2,percent,power,0,watts
Data,2,record,timestamp,1450465926,s,heart_rate,158,bpm,smo2,64.3,percent,power,0,watts
Data,2,record,timestamp,1450465927,s,heart_rate,158,bpm,smo2,64.4,percent,power,0,watts
Data,2,record,timestamp,1450465928,s,heart_rate,158,bpm,smo2,64.5,percent,power,0,watts
Data,2,record,timestamp,1450465929,s,heart_rate,158,bpm,smo2,64.5,percent,power,0,watts
Data,2,record,timestamp,1450465930,s,heart_rate,158,bpm,smo2,64.5,percent,power,0,watts
Data,2,record,timestamp,1450465931,s,heart_rate,158,bpm,smo2,64.5,percent,power,0,watts
Data,2,record,timestamp,1450465932,s,heart_rate,158,bpm,smo2,64.4,percent,power,0,watts
Data,2,record,timestamp,1450465933,s,heart_rate,157,bpm,smo2,64.3,percent,power,0,watts
Data,2,record,timestamp,1450465934,s,heart_rate,157,bpm,smo2,64.3,percent,power,0,watts
Data,2,record,timestamp,1450465935,s,heart_rate,157,bpm,smo2,64.2,percent,power,0,watts
Data,2,record,timestamp,1450465936,s,heart_rate,157,bpm,smo2,64.1,percent,power,0,watts
Data,2,record,timestamp,1450465937,s,heart_rate,157,bpm,smo2,64.0,percent,power,0,watts
Data,2,record,timestamp,1450465938,s,heart_rate,156,bpm,smo2,63.9,percent,power,0,watts
Data,2,record,timestamp,1450465939,s,heart_rate,155,bpm,smo2,63.9,percent,power,0,watts
Data,2,record,timestamp,1450465940,s,heart_rate,155,bpm,smo2,63.9,percent,power,0,watts
Data,2,record,timestamp,1450465941,s,heart_rate,155,bpm,smo2,63.8,percent,power,0,watts
Data,2,record,timestamp,1450465942,s,heart_rate,155,bpm,smo2,63.7,percent,power,0,watts
Data,2,record,timestamp,1450465943,s,heart_rate,155,bpm,smo2,63.6,percent,power,0,watts
Data,2,record,timestamp,1450465944,s,heart_rate,155,bpm,smo2,63.6,percent,power,0,watts
Data,2,record,timestamp,1450465945,s,heart_rate,155,bpm,smo2,63.6,percent,power,0,watts
Data,2,record,timestamp,1450465946,s,heart_rate,155,bpm,smo2,63.8,percent,power,0,watts
Data,2,record,timestamp,1450465947,s,heart_rate,155,bpm,smo2,63.9,percent,power,0,watts
Data,2,record,timestamp,1450465948,s,heart_rate,155,bpm,smo2,64.1,percent,power,0,watts
Data,2,record,timestamp,1450465949,s,heart_rate,154,bpm,smo2,64.2,percent,power,0,watts
Data,2,record,timestamp,1450465950,s,heart_rate,154,bpm,smo2,64.3,percent,power,0,watts
Data,2,record,timestamp,1450465951,s,heart_rate,154,bpm,smo2,64.4,percent,power,0,watts
Data,2,record,timestamp,1450465952,s,heart_rate,153,bpm,smo2,64.5,percent,power,0,watts
Data,2,record,timestamp,1450465953,s,heart_rate,153,bpm,smo2,64.6,percent,power,0,watts
Data,2,record,timestamp,1450465954,s,heart_rate,153,bpm,smo2,64.7,percent,power,0,watts
Data,2,record,timestamp,1450465955,s,heart_rate,152,bpm,smo2,64.8,percent,power,0,watts
Data,2,record,timestamp,1450465956,s,heart_rate,152,bpm,smo2,64.9,percent,power,0,watts
Data,2,record,timestamp,1450465957,s,heart_rate,152,bpm,smo2,65.0,percent,power,0,watts
Data,2,record,timestamp,1450465958,s,heart_rate,152,bpm,smo2,65.1,percent,power,0,watts
Data,2,record,timestamp,1450465959,s,heart_rate,152,bpm,smo2,65.1,percent,power,0,watts
Data,2,record,timestamp,1450465960,s,heart_rate,151,bpm,smo2,65.1,percent,power,0,watts
Data,2,record,timestamp,1450465961,s,heart_rate,151,bpm,smo2,65.1,percent,power,0,watts
Data,2,record,timestamp,1450465962,s,heart_rate,151,bpm,smo2,65.1,percent,power,0,watts
Data,2,record,timestamp,1450465963,s,heart_rate,151,bpm,smo2,65.1,percent,power,0,watts
Data,2,record,timestamp,1450465964,s,heart_rate,151,bpm,smo2,65.2,percent,power,0,watts
Data,2,record,timestamp,1450465965,s,heart_rate,150,bpm,smo2,65.3,percent,power,0,watts
Data,2,record,timestamp,1450465966,s,heart_rate,150,bpm,smo2,64.9,percent,power,0,watts
Data,2,record,timestamp,1450465967,s,heart_rate,150,bpm,smo2,64.6,percent,power,0,watts
Data,2,record,timestamp,1450465968,s,heart_rate,151,bpm,smo2,64.5,percent,power,183,watts
Data,2,record,timestamp,1450465969,s,heart_rate,151,bpm,smo2,65.2,percent,power,183,watts
Data,2,record,timestamp,1450465970,s,heart_rate,152,bpm,smo2,65.8,percent,power,183,watts
Data,2,record,timestamp,1450465971,s,heart_rate,152,bpm,smo2,66.0,percent,power,183,watts
Data,2,record,timestamp,1450465972,s,heart_rate,152,bpm,smo2,65.6,percent,power,484,watts
Data,2,record,timestamp,1450465973,s,heart_rate,152,bpm,smo2,64.8,percent,power,484,watts
Data,2,record,timestamp,1450465974,s,heart_rate,152,bpm,smo2,63.8,percent,power,498,watts
Data,2,record,timestamp,1450465975,s,heart_rate,152,bpm,smo2,62.9,percent,power,500,watts
Data,2,record,timestamp,1450465976,s,heart_rate,152,bpm,smo2,62.0,percent,power,500,watts
Data,2,record,timestamp,1450465977,s,heart_rate,152,bpm,smo2,61.2,percent,power,504,watts
Data,2,record,timestamp,1450465978,s,heart_rate,153,bpm,smo2,60.4,percent,power,501,watts
Data,2,record,timestamp,1450465979,s,heart_rate,153,bpm,smo2,59.8,percent,power,501,watts
Data,2,record,timestamp,1450465980,s,heart_rate,153,bpm,smo2,59.4,percent,power,501,watts
Data,2,record,timestamp,1450465981,s,heart_rate,154,bpm,smo2,59.1,percent,power,495,watts
Data,2,record,timestamp,1450465982,s,heart_rate,155,bpm,smo2,59.2,percent,power,497,watts
Data,2,record,timestamp,1450465983,s,heart_rate,155,bpm,smo2,58.6,percent,power,499,watts
Data,2,record,timestamp,1450465984,s,heart_rate,156,bpm,smo2,58.3,percent,power,499,watts
Data,2,record,timestamp,1450465985,s,heart_rate,156,bpm,smo2,57.5,percent,power,498,watts
Data,2,record,timestamp,1450465986,s,heart_rate,157,bpm,smo2,57.5,percent,power,496,watts
Data,2,record,timestamp,1450465987,s,heart_rate,158,bpm,smo2,57.4,percent,power,496,watts
Data,2,record,timestamp,1450465988,s,heart_rate,158,bpm,smo2,57.7,percent,power,496,watts
Data,2,record,timestamp,1450465989,s,heart_rate,158,bpm,smo2,57.7,percent,power,495,watts
Data,2,record,timestamp,1450465990,s,heart_rate,160,bpm,smo2,58.0,percent,power,499,watts
Data,2,record,timestamp,1450465991,s,heart_rate,160,bpm,smo2,57.5,percent,power,496,watts
Data,2,record,timestamp,1450465992,s,heart_rate,161,bpm,smo2,57.4,percent,power,500,watts
Data,2,record,timestamp,1450465993,s,heart_rate,161,bpm,smo2,56.9,percent,power,500,watts
Data,2,record,timestamp,1450465994,s,heart_rate,162,bpm,smo2,57.0,percent,power,500,watts
Data,2,record,timestamp,1450465995,s,heart_rate,163,bpm,smo2,57.1,percent,power,495,watts
Data,2,record,timestamp,1450465996,s,heart_rate,163,bpm,smo2,56.9,percent,power,495,watts
Data,2,record,timestamp,1450465997,s,heart_rate,164,bpm,smo2,57.2,percent,power,501,watts
Data,2,record,timestamp,1450465998,s,heart_rate,165,bpm,smo2,57.3,percent,power,379,watts
Data,2,record,timestamp,1450465999,s,heart_rate,165,bpm,smo2,57.9,percent,power,379,watts
Data,2,record,timestamp,1450466000,s,heart_rate,166,bpm,smo2,58.0,percent,power,379,watts
Data,2,record,timestamp,1450466001,s,heart_rate,166,bpm,smo2,57.4,percent,power,131,watts
Data,2,record,timestamp,1450466002,s,heart_rate,166,bpm,smo2,56.4,percent,power,131,watts
Data,2,record,timestamp,1450466003,s,heart_rate,167,bpm,smo2,56.2,percent,power,131,watts
Data,2,record,timestamp,1450466004,s,heart_rate,167,bpm,smo2,57.1,percent,power,131,watts
Data,2,record,timestamp,1450466005,s,heart_rate,167,bpm,smo2,58.4,percent,power,131,watts
Data,2,record,timestamp,1450466006,s,heart_rate,167,bpm,smo2,58.1,percent,power,0,watts
Data,2,record,timestamp,1450466007,s,heart_rate,167,bpm,smo2,57.9,percent,power,0,watts
Data,2,record,timestamp,1450466008,s,heart_rate,168,bpm,smo2,57.6,percent,power,22,watts
Data,2,record,timestamp,1450466009,s,heart_rate,168,bpm,smo2,58.2,percent,power,22,watts
Data,2,record,timestamp,1450466010,s,heart_rate,167,bpm,smo2,58.3,percent,power,41,watts
Data,2,record,timestamp,1450466011,s,heart_rate,167,bpm,smo2,58.3,percent,power,41,watts
Data,2,record,timestamp,1450466012,s,heart_rate,167,bpm,smo2,58.2,percent,power,41,watts
Data,2,record,timestamp,1450466013,s,heart_rate,167,bpm,smo2,58.3,percent,power,41,watts
Data,2,record,timestamp,1450466014,s,heart_rate,166,bpm,smo2,58.4,percent,power,41,watts
Data,2,record,timestamp,1450466015,s,heart_rate,166,bpm,smo2,58.7,percent,power,41,watts
Data,2,record,timestamp,1450466016,s,heart_rate,166,bpm,smo2,59.1,percent,power,41,watts
Data,2,record,timestamp,1450466017,s,heart_rate,166,bpm,smo2,59.5,percent,power,41,watts
Data,2,record,timestamp,1450466018,s,heart_rate,166,bpm,smo2,59.9,percent,power,41,watts
Data,2,record,timestamp,1450466019,s,heart_rate,166,bpm,smo2,60.3,percent,power,41,watts
Data,2,record,timestamp,1450466020,s,heart_rate,166,bpm,smo2,60.7,percent,power,41,watts
Data,2,record,timestamp,1450466021,s,heart_rate,167,bpm,smo2,61.1,percent,power,41,watts
Data,2,record,timestamp,1450466022,s,heart_rate,166,bpm,smo2,61.5,percent,power,41,watts
Data,2,record,timestamp,1450466023,s,heart_rate,166,bpm,smo2,62.0,percent,power,41,watts
Data,2,record,timestamp,1450466024,s,heart_rate,166,bpm,smo2,62.4,percent,power,41,watts
Data,2,record,timestamp,1450466025,s,heart_rate,166,bpm,smo2,62.8,percent,power,41,watts
Data,2,record,timestamp,1450466026,s,heart_rate,166,bpm,smo2,63.2,percent,power,41,watts
Data,2,record,timestamp,1450466027,s,heart_rate,166,bpm,smo2,63.4,percent,power,41,watts
Data,2,record,timestamp,1450466028,s,heart_rate,166,bpm,smo2,63.5,percent,power,41,watts
Data,2,record,timestamp,1450466029,s,heart_rate,166,bpm,smo2,63.6,percent,power,41,watts
Data,2,record,timestamp,1450466030,s,heart_rate,166,bpm,smo2,63.6,percent,power,41,watts
Data,2,record,timestamp,1450466031,s,heart_rate,166,bpm,smo2,63.6,percent,power,41,watts
Data,2,record,timestamp,1450466032,s,heart_rate,165,bpm,smo2,63.5,percent,power,41,watts
Data,2,record,timestamp,1450466033,s,heart_rate,165,bpm,smo2,63.4,percent,power,41,watts
Data,2,record,timestamp,1450466034,s,heart_rate,165,bpm,smo2,63.3,percent,power,41,watts
Data,2,record,timestamp,1450466035,s,heart_rate,164,bpm,smo2,63.1,percent,power,41,watts
Data,2,record,timestamp,1450466036,s,heart_rate,164,bpm,smo2,62.9,percent,power,41,watts
Data,2,record,timestamp,1450466037,s,heart_rate,164,bpm,smo2,62.8,percent,power,41,watts
Data,2,record,timestamp,1450466038,s,heart_rate,163,bpm,smo2,62.6,percent,power,41,watts
Data,2,record,timestamp,1450466039,s,heart_rate,163,bpm,smo2,62.5,percent,power,41,watts
Data,2,record,timestamp,1450466040,s,heart_rate,163,bpm,smo2,62.4,percent,power,41,watts
Data,2,record,timestamp,1450466041,s,heart_rate,163,bpm,smo2,62.3,percent,power,41,watts
Data,2,record,timestamp,1450466042,s,heart_rate,162,bpm,smo2,62.3,percent,power,41,watts
Data,2,record,timestamp,1450466043,s,heart_rate,162,bpm,smo2,62.2,percent,power,41,watts
Data,2,record,timestamp,1450466044,s,heart_rate,162,bpm,smo2,62.2,percent,power,41,watts
Data,2,record,timestamp,1450466045,s,heart_rate,161,bpm,smo2,62.2,percent,power,41,watts
Data,2,record,timestamp,1450466046,s,heart_rate,161,bpm,smo2,62.1,percent,power,41,watts
Data,2,record,timestamp,1450466047,s,heart_rate,161,bpm,smo2,62.1,percent,power,41,watts
Data,2,record,timestamp,1450466048,s,heart_rate,161,bpm,smo2,62.2,percent,power,41,watts
Data,2,record,timestamp,1450466049,s,heart_rate,161,bpm,smo2,62.3,percent,power,41,watts
Data,2,record,timestamp,1450466050,s,heart_rate,160,bpm,smo2,62.5,percent,power,41,watts
Data,2,record,timestamp,1450466051,s,heart_rate,160,bpm,smo2,62.6,percent,power,41,watts
Data,2,record,timestamp,1450466052,s,heart_rate,160,bpm,smo2,62.7,percent,power,41,watts
Data,2,record,timestamp,1450466053,s,heart_rate,160,bpm,smo2,62.7,percent,power,41,watts
Data,2,record,timestamp,1450466054,s,heart_rate,160,bpm,smo2,62.8,percent,power,41,watts
Data,2,record,timestamp,1450466055,s,heart_rate,160,bpm,smo2,62.8,percent,power,41,watts
Data,2,record,timestamp,1450466056,s,heart_rate,160,bpm,smo2,62.8,percent,power,41,watts
Data,2,record,timestamp,1450466057,s,heart_rate,160,bpm,smo2,62.8,percent,power,41,watts
Data,2,record,timestamp,1450466058,s,heart_rate,159,bpm,smo2,61.0,percent,power,41,watts
Data,2,record,timestamp,1450466059,s,heart_rate,158,bpm,smo2,61.0,percent,power,41,watts
Data,2,record,timestamp,1450466060,s,heart_rate,158,bpm,smo2,61.0,percent,power,41,watts
Data,2,record,timestamp,1450466061,s,heart_rate,157,bpm,smo2,62.9,percent,power,41,watts
Data,2,record,timestamp,1450466062,s,heart_rate,157,bpm,smo2,62.9,percent,power,41,watts
Data,2,record,timestamp,1450466063,s,heart_rate,157,bpm,smo2,62.9,percent,power,41,watts
Data,2,record,timestamp,1450466064,s,heart_rate,156,bpm,smo2,62.9,percent,power,41,watts
Data,2,record,timestamp,1450466065,s,heart_rate,156,bpm,smo2,62.9,percent,power,41,watts
Data,2,record,timestamp,1450466066,s,heart_rate,156,bpm,smo2,62.8,percent,power,41,watts
Data,2,record,timestamp,1450466067,s,heart_rate,156,bpm,smo2,62.9,percent,power,41,watts
Data,2,record,timestamp,1450466068,s,heart_rate,156,bpm,smo2,63.0,percent,power,41,watts
Data,2,record,timestamp,1450466069,s,heart_rate,156,bpm,smo2,63.1,percent,power,41,watts
Data,2,record,timestamp,1450466070,s,heart_rate,156,bpm,smo2,63.1,percent,power,41,watts
Data,2,record,timestamp,1450466071,s,heart_rate,156,bpm,smo2,63.3,percent,power,41,watts
Data,2,record,timestamp,1450466072,s,heart_rate,155,bpm,smo2,63.4,percent,power,41,watts
Data,2,record,timestamp,1450466073,s,heart_rate,155,bpm,smo2,63.6,percent,power,41,watts
Data,2,record,timestamp,1450466074,s,heart_rate,155,bpm,smo2,63.7,percent,power,41,watts
Data,2,record,timestamp,1450466075,s,heart_rate,154,bpm,smo2,63.8,percent,power,41,watts
Data,2,record,timestamp,1450466076,s,heart_rate,154,bpm,smo2,63.8,percent,power,41,watts
Data,2,record,timestamp,1450466077,s,heart_rate,154,bpm,smo2,63.9,percent,power,41,watts
Data,2,record,timestamp,1450466078,s,heart_rate,153,bpm,smo2,64.0,percent,power,41,watts
Data,2,record,timestamp,1450466079,s,heart_rate,153,bpm,smo2,64.1,percent,power,41,watts
Data,2,record,timestamp,1450466080,s,heart_rate,153,bpm,smo2,64.2,percent,power,41,watts
Data,2,record,timestamp,1450466081,s,heart_rate,153,bpm,smo2,64.4,percent,power,41,watts
Data,2,record,timestamp,1450466082,s,heart_rate,153,bpm,smo2,64.5,percent,power,41,watts
Data,2,record,timestamp,1450466083,s,heart_rate,152,bpm,smo2,64.7,percent,power,41,watts
Data,2,record,timestamp,1450466084,s,heart_rate,152,bpm,smo2,65.0,percent,power,41,watts
Data,2,record,timestamp,1450466085,s,heart_rate,153,bpm,smo2,65.3,percent,power,41,watts
Data,2,record,timestamp,1450466086,s,heart_rate,153,bpm,smo2,65.0,percent,power,41,watts
Data,2,record,timestamp,1450466087,s,heart_rate,153,bpm,smo2,64.3,percent,power,32,watts
Data,2,record,timestamp,1450466088,s,heart_rate,153,bpm,smo2,63.9,percent,power,32,watts
Data,2,record,timestamp,1450466089,s,heart_rate,153,bpm,smo2,64.3,percent,power,257,watts
Data,2,record,timestamp,1450466090,s,heart_rate,154,bpm,smo2,65.0,percent,power,257,watts
Data,2,record,timestamp,1450466091,s,heart_rate,153,bpm,smo2,65.4,percent,power,257,watts
Data,2,record,timestamp,1450466092,s,heart_rate,153,bpm,smo2,65.4,percent,power,257,watts
Data,2,record,timestamp,1450466093,s,heart_rate,154,bpm,smo2,64.8,percent,power,488,watts
Data,2,record,timestamp,1450466094,s,heart_rate,154,bpm,smo2,64.1,percent,power,505,watts
Data,2,record,timestamp,1450466095,s,heart_rate,154,bpm,smo2,63.2,percent,power,505,watts
Data,2,record,timestamp,1450466096,s,heart_rate,154,bpm,smo2,62.2,percent,power,505,watts
Data,2,record,timestamp,1450466097,s,heart_rate,154,bpm,smo2,61.6,percent,power,500,watts
Data,2,record,timestamp,1450466098,s,heart_rate,154,bpm,smo2,60.7,percent,power,500,watts
Data,2,record,timestamp,1450466099,s,heart_rate,155,bpm,smo2,60.4,percent,power,500,watts
Data,2,record,timestamp,1450466100,s,heart_rate,155,bpm,smo2,59.7,percent,power,500,watts
Data,2,record,timestamp,1450466101,s,heart_rate,155,bpm,smo2,59.6,percent,power,502,watts
Data,2,record,timestamp,1450466102,s,heart_rate,156,bpm,smo2,58.9,percent,power,497,watts
Data,2,record,timestamp,1450466103,s,heart_rate,156,bpm,smo2,58.5,percent,power,497,watts
Data,2,record,timestamp,1450466104,s,heart_rate,157,bpm,smo2,57.8,percent,power,503,watts
Data,2,record,timestamp,1450466105,s,heart_rate,157,bpm,smo2,57.9,percent,power,503,watts
Data,2,record,timestamp,1450466106,s,heart_rate,158,bpm,smo2,57.5,percent,power,503,watts
Data,2,record,timestamp,1450466107,s,heart_rate,159,bpm,smo2,57.6,percent,power,500,watts
Data,2,record,timestamp,1450466108,s,heart_rate,159,bpm,smo2,57.7,percent,power,500,watts
Data,2,record,timestamp,1450466109,s,heart_rate,160,bpm,smo2,57.5,percent,power,499,watts
Data,2,record,timestamp,1450466110,s,heart_rate,160,bpm,smo2,57.4,percent,power,494,watts
Data,2,record,timestamp,1450466111,s,heart_rate,160,bpm,smo2,57.3,percent,power,499,watts
Data,2,record,timestamp,1450466112,s,heart_rate,161,bpm,smo2,57.5,percent,power,499,watts
Data,2,record,timestamp,1450466113,s,heart_rate,161,bpm,smo2,57.4,percent,power,499,watts
Data,2,record,timestamp,1450466114,s,heart_rate,162,bpm,smo2,57.5,percent,power,493,watts
Data,2,record,timestamp,1450466115,s,heart_rate,163,bpm,smo2,57.3,percent,power,493,watts
Data,2,record,timestamp,1450466116,s,heart_rate,163,bpm,smo2,57.3,percent,power,496,watts
Data,2,record,timestamp,1450466117,s,heart_rate,164,bpm,smo2,57.1,percent,power,496,watts
Data,2,record,timestamp,1450466118,s,heart_rate,165,bpm,smo2,57.6,percent,power,466,watts
Data,2,record,timestamp,1450466119,s,heart_rate,165,bpm,smo2,57.8,percent,power,466,watts
Data,2,record,timestamp,1450466120,s,heart_rate,166,bpm,smo2,57.9,percent,power,258,watts
Data,2,record,timestamp,1450466121,s,heart_rate,166,bpm,smo2,58.1,percent,power,258,watts
Data,2,record,timestamp,1450466122,s,heart_rate,165,bpm,smo2,58.4,percent,power,258,watts
Data,2,record,timestamp,1450466123,s,heart_rate,166,bpm,smo2,58.0,percent,power,258,watts
Data,2,record,timestamp,1450466124,s,heart_rate,166,bpm,smo2,57.7,percent,power,258,watts
Data,2,record,timestamp,1450466125,s,heart_rate,166,bpm,smo2,57.4,percent,power,258,watts
Data,2,record,timestamp,1450466126,s,heart_rate,167,bpm,smo2,58.0,percent,power,19,watts
Data,2,record,timestamp,1450466127,s,heart_rate,167,bpm,smo2,57.0,percent,power,86,watts
Data,2,record,timestamp,1450466128,s,heart_rate,168,bpm,smo2,56.5,percent,power,86,watts
Data,2,record,timestamp,1450466129,s,heart_rate,168,bpm,smo2,56.3,percent,power,86,watts
Data,2,record,timestamp,1450466130,s,heart_rate,169,bpm,smo2,57.3,percent,power,83,watts
Data,2,record,timestamp,1450466131,s,heart_rate,168,bpm,smo2,57.7,percent,power,83,watts
Data,2,record,timestamp,1450466132,s,heart_rate,168,bpm,smo2,57.8,percent,power,83,watts
Data,2,record,timestamp,1450466133,s,heart_rate,168,bpm,smo2,58.0,percent,power,83,watts
Data,2,record,timestamp,1450466134,s,heart_rate,168,bpm,smo2,58.0,percent,power,0,watts
Data,2,record,timestamp,1450466135,s,heart_rate,168,bpm,smo2,58.1,percent,power,0,watts
Data,2,record,timestamp,1450466136,s,heart_rate,168,bpm,smo2,58.1,percent,power,21,watts
Data,2,record,timestamp,1450466137,s,heart_rate,168,bpm,smo2,58.2,percent,power,21,watts
Data,2,record,timestamp,1450466138,s,heart_rate,167,bpm,smo2,58.1,percent,power,21,watts
Data,2,record,timestamp,1450466139,s,heart_rate,167,bpm,smo2,58.2,percent,power,25,watts
Data,2,record,timestamp,1450466140,s,heart_rate,167,bpm,smo2,58.5,percent,power,25,watts
Data,2,record,timestamp,1450466141,s,heart_rate,167,bpm,smo2,59.2,percent,power,25,watts
Data,2,record,timestamp,1450466142,s,heart_rate,166,bpm,smo2,59.8,percent,power,25,watts
Data,2,record,timestamp,1450466143,s,heart_rate,166,bpm,smo2,60.4,percent,power,25,watts
Data,2,record,timestamp,1450466144,s,heart_rate,166,bpm,smo2,60.9,percent,power,25,watts
Data,2,record,timestamp,1450466145,s,heart_rate,166,bpm,smo2,61.3,percent,power,25,watts
Data,2,record,timestamp,1450466146,s,heart_rate,166,bpm,smo2,61.9,percent,power,25,watts
Data,2,record,timestamp,1450466147,s,heart_rate,166,bpm,smo2,62.3,percent,power,25,watts
Data,2,record,timestamp,1450466148,s,heart_rate,166,bpm,smo2,62.7,percent,power,0,watts
Data,2,record,timestamp,1450466149,s,heart_rate,166,bpm,smo2,62.9,percent,power,0,watts
Data,2,record,timestamp,1450466150,s,heart_rate,165,bpm,smo2,63.0,percent,power,0,watts
Data,2,record,timestamp,1450466151,s,heart_rate,165,bpm,smo2,63.1,percent,power,0,watts
Data,2,record,timestamp,1450466152,s,heart_rate,165,bpm,smo2,63.0,percent,power,0,watts
Data,2,record,timestamp,1450466153,s,heart_rate,165,bpm,smo2,63.0,percent,power,0,watts
Data,2,record,timestamp,1450466154,s,heart_rate,165,bpm,smo2,63.0,percent,power,0,watts
Data,2,record,timestamp,1450466155,s,heart_rate,164,bpm,smo2,63.0,percent,power,0,watts
Data,2,record,timestamp,1450466156,s,heart_rate,164,bpm,smo2,62.8,percent,power,0,watts
Data,2,record,timestamp,1450466157,s,heart_rate,164,bpm,smo2,62.6,percent,power,0,watts
Data,2,record,timestamp,1450466158,s,heart_rate,164,bpm,smo2,62.4,percent,power,0,watts
Data,2,record,timestamp,1450466159,s,heart_rate,164,bpm,smo2,62.2,percent,power,0,watts
Data,2,record,timestamp,1450466160,s,heart_rate,163,bpm,smo2,62.0,percent,power,0,watts
Data,2,record,timestamp,1450466161,s,heart_rate,163,bpm,smo2,61.9,percent,power,0,watts
Data,2,record,timestamp,1450466162,s,heart_rate,163,bpm,smo2,61.7,percent,power,0,watts
Data,2,record,timestamp,1450466163,s,heart_rate,163,bpm,smo2,61.6,percent,power,0,watts
Data,2,record,timestamp,1450466164,s,heart_rate,163,bpm,smo2,61.6,percent,power,0,watts
Data,2,record,timestamp,1450466165,s,heart_rate,162,bpm,smo2,61.6,percent,power,0,watts
Data,2,record,timestamp,1450466166,s,heart_rate,162,bpm,smo2,61.6,percent,power,0,watts
Data,2,record,timestamp,1450466167,s,heart_rate,162,bpm,smo2,61.6,percent,power,0,watts
Data,2,record,timestamp,1450466168,s,heart_rate,162,bpm,smo2,61.7,percent,power,0,watts
Data,2,record,timestamp,1450466169,s,heart_rate,162,bpm,smo2,61.9,percent,power,0,watts
Data,2,record,timestamp,1450466170,s,heart_rate,162,bpm,smo2,62.0,percent,power,0,watts
Data,2,record,timestamp,1450466171,s,heart_rate,161,bpm,smo2,62.2,percent,power,0,watts
Data,2,record,timestamp,1450466172,s,heart_rate,161,bpm,smo2,62.3,percent,power,0,watts
Data,2,record,timestamp,1450466173,s,heart_rate,160,bpm,smo2,62.5,percent,power,0,watts
Data,2,record,timestamp,1450466174,s,heart_rate,160,bpm,smo2,62.6,percent,power,0,watts
Data,2,record,timestamp,1450466175,s,heart_rate,160,bpm,smo2,62.7,percent,power,0,watts
Data,2,record,timestamp,1450466176,s,heart_rate,160,bpm,smo2,62.7,percent,power,0,watts
Data,2,record,timestamp,1450466177,s,heart_rate,160,bpm,smo2,62.7,percent,power,0,watts
Data,2,record,timestamp,1450466178,s,heart_rate,159,bpm,smo2,62.7,percent,power,0,watts
Data,2,record,timestamp,1450466179,s,heart_rate,159,bpm,smo2,62.8,percent,power,0,watts
Data,2,record,timestamp,1450466180,s,heart_rate,159,bpm,smo2,62.8,percent,power,0,watts
Data,2,record,timestamp,1450466181,s,heart_rate,158,bpm,smo2,62.8,percent,power,0,watts
Data,2,record,timestamp,1450466182,s,heart_rate,158,bpm,smo2,62.8,percent,power,0,watts
Data,2,record,timestamp,1450466183,s,heart_rate,158,bpm,smo2,62.9,percent,power,0,watts
Data,2,record,timestamp,1450466184,s,heart_rate,157,bpm,smo2,62.9,percent,power,0,watts
Data,2,record,timestamp,1450466185,s,heart_rate,157,bpm,smo2,63.0,percent,power,0,watts
Data,2,record,timestamp,1450466186,s,heart_rate,157,bpm,smo2,63.2,percent,power,0,watts
Data,2,record,timestamp,1450466187,s,heart_rate,157,bpm,smo2,63.4,percent,power,0,watts
Data,2,record,timestamp,1450466188,s,heart_rate,157,bpm,smo2,63.5,percent,power,0,watts
Data,2,record,timestamp,1450466189,s,heart_rate,156,bpm,smo2,63.6,percent,power,0,watts
Data,2,record,timestamp,1450466190,s,heart_rate,156,bpm,smo2,63.7,percent,power,0,watts
Data,2,record,timestamp,1450466191,s,heart_rate,156,bpm,smo2,63.9,percent,power,0,watts
Data,2,record,timestamp,1450466192,s,heart_rate,155,bpm,smo2,64.0,percent,power,0,watts
Data,2,record,timestamp,1450466193,s,heart_rate,155,bpm,smo2,64.1,percent,power,0,watts
Data,2,record,timestamp,1450466194,s,heart_rate,155,bpm,smo2,64.2,percent,power,0,watts
Data,2,record,timestamp,1450466195,s,heart_rate,154,bpm,smo2,64.3,percent,power,0,watts
Data,2,record,timestamp,1450466196,s,heart_rate,154,bpm,smo2,64.5,percent,power,0,watts
Data,2,record,timestamp,1450466197,s,heart_rate,154,bpm,smo2,64.5,percent,power,0,watts
Data,2,record,timestamp,1450466198,s,heart_rate,153,bpm,smo2,64.6,percent,power,0,watts
Data,2,record,timestamp,1450466199,s,heart_rate,153,bpm,smo2,64.6,percent,power,0,watts
Data,2,record,timestamp,1450466200,s,heart_rate,152,bpm,smo2,64.6,percent,power,0,watts
Data,2,record,timestamp,1450466201,s,heart_rate,152,bpm,smo2,64.7,percent,power,0,watts
Data,2,record,timestamp,1450466202,s,heart_rate,152,bpm,smo2,64.7,percent,power,0,watts
Data,2,record,timestamp,1450466203,s,heart_rate,151,bpm,smo2,64.8,percent,power,0,watts
Data,2,record,timestamp,1450466204,s,heart_rate,151,bpm,smo2,64.9,percent,power,0,watts
Data,2,record,timestamp,1450466205,s,heart_rate,151,bpm,smo2,65.0,percent,power,0,watts
Data,2,record,timestamp,1450466206,s,heart_rate,150,bpm,smo2,65.0,percent,power,0,watts
Data,2,record,timestamp,1450466207,s,heart_rate,150,bpm,smo2,65.0,percent,power,0,watts
Data,2,record,timestamp,1450466208,s,heart_rate,150,bpm,smo2,65.0,percent,power,0,watts
Data,2,record,timestamp,1450466209,s,heart_rate,150,bpm,smo2,65.1,percent,power,0,watts
Data,2,record,timestamp,1450466210,s,heart_rate,149,bpm,smo2,65.0,percent,power,0,watts
Data,2,record,timestamp,1450466211,s,heart_rate,149,bpm,smo2,65.0,percent,power,0,watts
Data,2,record,timestamp,1450466212,s,heart_rate,149,bpm,smo2,65.0,percent,power,0,watts
Data,2,record,timestamp,1450466213,s,heart_rate,148,bpm,smo2,65.0,percent,power,0,watts
Data,2,record,timestamp,1450466214,s,heart_rate,148,bpm,smo2,65.4,percent,power,0,watts
Data,2,record,timestamp,1450466215,s,heart_rate,148,bpm,smo2,65.8,percent,power,0,watts
Data,2,record,timestamp,1450466216,s,heart_rate,148,bpm,smo2,65.3,percent,power,0,watts
Data,2,record,timestamp,1450466217,s,heart_rate,148,bpm,smo2,64.4,percent,power,0,watts
Data,2,record,timestamp,1450466218,s,heart_rate,149,bpm,smo2,63.9,percent,power,73,watts
Data,2,record,timestamp,1450466219,s,heart_rate,150,bpm,smo2,64.6,percent,power,379,watts
Data,2,record,timestamp,1450466220,s,heart_rate,150,bpm,smo2,65.1,percent,power,379,watts
Data,2,record,timestamp,1450466221,s,heart_rate,151,bpm,smo2,65.0,percent,power,379,watts
Data,2,record,timestamp,1450466222,s,heart_rate,152,bpm,smo2,64.7,percent,power,498,watts
Data,2,record,timestamp,1450466223,s,heart_rate,152,bpm,smo2,64.2,percent,power,516,watts
Data,2,record,timestamp,1450466224,s,heart_rate,152,bpm,smo2,63.9,percent,power,516,watts
Data,2,record,timestamp,1450466225,s,heart_rate,152,bpm,smo2,63.3,percent,power,510,watts
Data,2,record,timestamp,1450466226,s,heart_rate,152,bpm,smo2,62.6,percent,power,504,watts
Data,2,record,timestamp,1450466227,s,heart_rate,152,bpm,smo2,61.8,percent,power,505,watts
Data,2,record,timestamp,1450466228,s,heart_rate,152,bpm,smo2,61.2,percent,power,505,watts
Data,2,record,timestamp,1450466229,s,heart_rate,153,bpm,smo2,60.7,percent,power,497,watts
Data,2,record,timestamp,1450466230,s,heart_rate,154,bpm,smo2,60.1,percent,power,498,watts
Data,2,record,timestamp,1450466231,s,heart_rate,154,bpm,smo2,59.5,percent,power,501,watts
Data,2,record,timestamp,1450466232,s,heart_rate,154,bpm,smo2,59.2,percent,power,501,watts
Data,2,record,timestamp,1450466233,s,heart_rate,154,bpm,smo2,59.1,percent,power,498,watts
Data,2,record,timestamp,1450466234,s,heart_rate,155,bpm,smo2,58.7,percent,power,492,watts
Data,2,record,timestamp,1450466235,s,heart_rate,156,bpm,smo2,58.6,percent,power,497,watts
Data,2,record,timestamp,1450466236,s,heart_rate,156,bpm,smo2,58.6,percent,power,497,watts
Data,2,record,timestamp,1450466237,s,heart_rate,157,bpm,smo2,59.2,percent,power,497,watts
Data,2,record,timestamp,1450466238,s,heart_rate,158,bpm,smo2,58.8,percent,power,498,watts
Data,2,record,timestamp,1450466239,s,heart_rate,158,bpm,smo2,58.8,percent,power,507,watts
Data,2,record,timestamp,1450466240,s,heart_rate,159,bpm,smo2,58.6,percent,power,507,watts
Data,2,record,timestamp,1450466241,s,heart_rate,159,bpm,smo2,59.2,percent,power,507,watts
Data,2,record,timestamp,1450466242,s,heart_rate,161,bpm,smo2,58.5,percent,power,499,watts
Data,2,record,timestamp,1450466243,s,heart_rate,162,bpm,smo2,58.5,percent,power,499,watts
Data,2,record,timestamp,1450466244,s,heart_rate,162,bpm,smo2,58.6,percent,power,499,watts
Data,2,record,timestamp,1450466245,s,heart_rate,163,bpm,smo2,59.0,percent,power,499,watts
Data,2,record,timestamp,1450466246,s,heart_rate,164,bpm,smo2,58.8,percent,power,497,watts
Data,2,record,timestamp,1450466247,s,heart_rate,164,bpm,smo2,58.5,percent,power,418,watts
Data,2,record,timestamp,1450466248,s,heart_rate,164,bpm,smo2,58.4,percent,power,156,watts
Data,2,record,timestamp,1450466249,s,heart_rate,164,bpm,smo2,58.2,percent,power,156,watts
Data,2,record,timestamp,1450466250,s,heart_rate,164,bpm,smo2,57.8,percent,power,156,watts
Data,2,record,timestamp,1450466251,s,heart_rate,164,bpm,smo2,57.4,percent,power,156,watts
Data,2,record,timestamp,1450466252,s,heart_rate,164,bpm,smo2,57.2,percent,power,156,watts
Data,2,record,timestamp,1450466253,s,heart_rate,165,bpm,smo2,57.6,percent,power,156,watts
Data,2,record,timestamp,1450466254,s,heart_rate,165,bpm,smo2,58.0,percent,power,156,watts
Data,2,record,timestamp,1450466255,s,heart_rate,165,bpm,smo2,58.0,percent,power,156,watts
Data,2,record,timestamp,1450466256,s,heart_rate,165,bpm,smo2,57.6,percent,power,156,watts
Data,2,record,timestamp,1450466257,s,heart_rate,165,bpm,smo2,57.1,percent,power,0,watts
Data,2,record,timestamp,1450466258,s,heart_rate,166,bpm,smo2,57.2,percent,power,64,watts
Data,2,record,timestamp,1450466259,s,heart_rate,166,bpm,smo2,57.3,percent,power,123,watts
Data,2,record,timestamp,1450466260,s,heart_rate,166,bpm,smo2,57.6,percent,power,123,watts
Data,2,record,timestamp,1450466261,s,heart_rate,166,bpm,smo2,57.8,percent,power,123,watts
Data,2,record,timestamp,1450466262,s,heart_rate,166,bpm,smo2,57.7,percent,power,0,watts
Data,2,record,timestamp,1450466263,s,heart_rate,166,bpm,smo2,57.5,percent,power,0,watts
Data,2,record,timestamp,1450466264,s,heart_rate,167,bpm,smo2,57.6,percent,power,0,watts
Data,2,record,timestamp,1450466265,s,heart_rate,167,bpm,smo2,58.2,percent,power,0,watts
Data,2,record,timestamp,1450466266,s,heart_rate,167,bpm,smo2,58.6,percent,power,0,watts
Data,2,record,timestamp,1450466267,s,heart_rate,167,bpm,smo2,59.0,percent,power,0,watts
Data,2,record,timestamp,1450466268,s,heart_rate,167,bpm,smo2,59.4,percent,power,0,watts
Data,2,record,timestamp,1450466269,s,heart_rate,167,bpm,smo2,60.0,percent,power,0,watts
Data,2,record,timestamp,1450466270,s,heart_rate,166,bpm,smo2,60.2,percent,power,0,watts
Data,2,record,timestamp,1450466271,s,heart_rate,166,bpm,smo2,60.4,percent,power,0,watts
Data,2,record,timestamp,1450466272,s,heart_rate,166,bpm,smo2,60.5,percent,power,0,watts
Data,2,record,timestamp,1450466273,s,heart_rate,166,bpm,smo2,60.6,percent,power,0,watts
Data,2,record,timestamp,1450466274,s,heart_rate,165,bpm,smo2,60.8,percent,power,0,watts
Data,2,record,timestamp,1450466275,s,heart_rate,165,bpm,smo2,61.0,percent,power,0,watts
Data,2,record,timestamp,1450466276,s,heart_rate,165,bpm,smo2,61.3,percent,power,0,watts
Data,2,record,timestamp,1450466277,s,heart_rate,165,bpm,smo2,61.6,percent,power,0,watts
Data,2,record,timestamp,1450466278,s,heart_rate,165,bpm,smo2,62.0,percent,power,0,watts
Data,2,record,timestamp,1450466279,s,heart_rate,165,bpm,smo2,62.4,percent,power,0,watts
Data,2,record,timestamp,1450466280,s,heart_rate,164,bpm,smo2,62.8,percent,power,0,watts
Data,2,record,timestamp,1450466281,s,heart_rate,164,bpm,smo2,63.1,percent,power,0,watts
Data,2,record,timestamp,1450466282,s,heart_rate,164,bpm,smo2,63.3,percent,power,0,watts
Data,2,record,timestamp,1450466283,s,heart_rate,163,bpm,smo2,63.4,percent,power,0,watts
Data,2,record,timestamp,1450466284,s,heart_rate,163,bpm,smo2,63.4,percent,power,0,watts
Data,2,record,timestamp,1450466285,s,heart_rate,163,bpm,smo2,63.4,percent,power,0,watts
Data,2,record,timestamp,1450466286,s,heart_rate,163,bpm,smo2,63.3,percent,power,0,watts
Data,2,record,timestamp,1450466287,s,heart_rate,163,bpm,smo2,63.2,percent,power,0,watts
Data,2,record,timestamp,1450466288,s,heart_rate,163,bpm,smo2,62.8,percent,power,0,watts
Data,2,record,timestamp,1450466289,s,heart_rate,163,bpm,smo2,62.8,percent,power,0,watts
Data,2,record,timestamp,1450466290,s,heart_rate,163,bpm,smo2,63.1,percent,power,0,watts
Data,2,record,timestamp,1450466291,s,heart_rate,164,bpm,smo2,63.9,percent,power,0,watts
Data,2,record,timestamp,1450466292,s,heart_rate,164,bpm,smo2,64.2,percent,power,0,watts
Data,2,record,timestamp,1450466293,s,heart_rate,163,bpm,smo2,64.2,percent,power,0,watts
Data,2,record,timestamp,1450466294,s,heart_rate,162,bpm,smo2,64.0,percent,power,0,watts
Data,2,record,timestamp,1450466295,s,heart_rate,162,bpm,smo2,63.8,percent,power,0,watts
Data,2,record,timestamp,1450466296,s,heart_rate,161,bpm,smo2,63.6,percent,power,0,watts
Data,2,record,timestamp,1450466297,s,heart_rate,161,bpm,smo2,63.3,percent,power,0,watts
Data,2,record,timestamp,1450466298,s,heart_rate,161,bpm,smo2,63.0,percent,power,0,watts
Data,2,record,timestamp,1450466299,s,heart_rate,160,bpm,smo2,62.7,percent,power,0,watts
Data,2,record,timestamp,1450466300,s,heart_rate,160,bpm,smo2,62.4,percent,power,0,watts
Data,2,record,timestamp,1450466301,s,heart_rate,159,bpm,smo2,62.1,percent,power,0,watts
Data,2,record,timestamp,1450466302,s,heart_rate,158,bpm,smo2,61.8,percent,power,0,watts
Data,2,record,timestamp,1450466303,s,heart_rate,158,bpm,smo2,61.7,percent,power,0,watts
Data,2,record,timestamp,1450466304,s,heart_rate,157,bpm,smo2,61.6,percent,power,0,watts
Data,2,record,timestamp,1450466305,s,heart_rate,157,bpm,smo2,61.7,percent,power,0,watts
Data,2,record,timestamp,1450466306,s,heart_rate,156,bpm,smo2,61.8,percent,power,0,watts
Data,2,record,timestamp,1450466307,s,heart_rate,156,bpm,smo2,62.1,percent,power,0,watts
Data,2,record,timestamp,1450466308,s,heart_rate,156,bpm,smo2,62.4,percent,power,0,watts
Data,2,record,timestamp,1450466309,s,heart_rate,155,bpm,smo2,62.7,percent,power,0,watts
Data,2,record,timestamp,1450466310,s,heart_rate,155,bpm,smo2,63.1,percent,power,0,watts
Data,2,record,timestamp,1450466311,s,heart_rate,155,bpm,smo2,63.4,percent,power,0,watts
Data,2,record,timestamp,1450466312,s,heart_rate,154,bpm,smo2,63.8,percent,power,0,watts
Data,2,record,timestamp,1450466313,s,heart_rate,154,bpm,smo2,64.0,percent,power,0,watts
Data,2,record,timestamp,1450466314,s,heart_rate,154,bpm,smo2,64.2,percent,power,0,watts
Data,2,record,timestamp,1450466315,s,heart_rate,153,bpm,smo2,64.4,percent,power,0,watts
Data,2,record,timestamp,1450466316,s,heart_rate,153,bpm,smo2,64.6,percent,power,0,watts
Data,2,record,timestamp,1450466317,s,heart_rate,153,bpm,smo2,64.7,percent,power,0,watts
Data,2,record,timestamp,1450466318,s,heart_rate,153,bpm,smo2,64.7,percent,power,0,watts
Data,2,record,timestamp,1450466319,s,heart_rate,153,bpm,smo2,64.7,percent,power,0,watts
Data,2,record,timestamp,1450466320,s,heart_rate,152,bpm,smo2,64.5,percent,power,0,watts
Data,2,record,timestamp,1450466321,s,heart_rate,152,bpm,smo2,64.4,percent,power,0,watts
Data,2,record,timestamp,1450466322,s,heart_rate,152,bpm,smo2,64.2,percent,power,0,watts
Data,2,record,timestamp,1450466323,s,heart_rate,152,bpm,smo2,64.0,percent,power,0,watts
Data,2,record,timestamp,1450466324,s,heart_rate,152,bpm,smo2,63.8,percent,power,0,watts
Data,2,record,timestamp,1450466325,s,heart_rate,152,bpm,smo2,63.7,percent,power,0,watts
Data,2,record,timestamp,1450466326,s,heart_rate,151,bpm,smo2,63.6,percent,power,0,watts
Data,2,record,timestamp,1450466327,s,heart_rate,151,bpm,smo2,63.5,percent,power,0,watts
Data,2,record,timestamp,1450466328,s,heart_rate,151,bpm,smo2,63.5,percent,power,0,watts
Data,2,record,timestamp,1450466329,s,heart_rate,151,bpm,smo2,63.5,percent,power,0,watts
Data,2,record,timestamp,1450466330,s,heart_rate,150,bpm,smo2,63.5,percent,power,0,watts
Data,2,record,timestamp,1450466331,s,heart_rate,150,bpm,smo2,63.6,percent,power,0,watts
Data,2,record,timestamp,1450466332,s,heart_rate,150,bpm,smo2,63.7,percent,power,0,watts
Data,2,record,timestamp,1450466333,s,heart_rate,149,bpm,smo2,63.8,percent,power,0,watts
Data,2,record,timestamp,1450466334,s,heart_rate,149,bpm,smo2,63.9,percent,power,0,watts
Data,2,record,timestamp,1450466335,s,heart_rate,149,bpm,smo2,64.0,percent,power,0,watts
Data,2,record,timestamp,1450466336,s,heart_rate,148,bpm,smo2,64.1,percent,power,0,watts
Data,2,record,timestamp,1450466337,s,heart_rate,148,bpm,smo2,64.2,percent,power,0,watts
Data,2,record,timestamp,1450466338,s,heart_rate,148,bpm,smo2,64.4,percent,power,0,watts
Data,2,record,timestamp,1450466339,s,heart_rate,147,bpm,smo2,64.6,percent,power,0,watts
Data,2,record,timestamp,1450466340,s,heart_rate,147,bpm,smo2,64.8,percent,power,0,watts
Data,2,record,timestamp,1450466341,s,heart_rate,147,bpm,smo2,65.0,percent,power,0,watts
Data,2,record,timestamp,1450466342,s,heart_rate,147,bpm,smo2,65.2,percent,power,0,watts
Data,2,record,timestamp,1450466343,s,heart_rate,147,bpm,smo2,65.4,percent,power,0,watts
Data,2,record,timestamp,1450466344,s,heart_rate,146,bpm,smo2,65.5,percent,power,0,watts
Data,2,record,timestamp,1450466345,s,heart_rate,146,bpm,smo2,65.8,percent,power,0,watts
Data,2,record,timestamp,1450466346,s,heart_rate,146,bpm,smo2,65.5,percent,power,0,watts
Data,2,record,timestamp,1450466347,s,heart_rate,147,bpm,smo2,65.0,percent,power,0,watts
Data,2,record,timestamp,1450466348,s,heart_rate,147,bpm,smo2,65.1,percent,power,0,watts
Data,2,record,timestamp,1450466349,s,heart_rate,147,bpm,smo2,66.4,percent,power,0,watts
Data,2,record,timestamp,1450466350,s,heart_rate,147,bpm,smo2,68.5,percent,power,0,watts
Data,2,record,timestamp,1450466351,s,heart_rate,147,bpm,smo2,69.9,percent,power,0,watts
Data,2,record,timestamp,1450466352,s,heart_rate,146,bpm,smo2,70.6,percent,power,0,watts
Data,2,record,timestamp,1450466353,s,heart_rate,146,bpm,smo2,70.8,percent,power,0,watts
Data,2,record,timestamp,1450466354,s,heart_rate,144,bpm,smo2,70.6,percent,power,0,watts
Data,2,record,timestamp,1450466355,s,heart_rate,143,bpm,smo2,70.4,percent,power,0,watts
Data,2,record,timestamp,1450466356,s,heart_rate,143,bpm,smo2,70.0,percent,power,0,watts
Data,2,record,timestamp,1450466357,s,heart_rate,142,bpm,smo2,69.6,percent,power,0,watts
Data,2,record,timestamp,1450466358,s,heart_rate,142,bpm,smo2,69.4,percent,power,0,watts
Data,2,record,timestamp,1450466359,s,heart_rate,142,bpm,smo2,69.3,percent,power,0,watts
Data,2,record,timestamp,1450466360,s,heart_rate,141,bpm,smo2,69.3,percent,power,0,watts
Data,2,record,timestamp,1450466361,s,heart_rate,141,bpm,smo2,69.1,percent,power,0,watts
Data,2,record,timestamp,1450466362,s,heart_rate,139,bpm,smo2,68.9,percent,power,0,watts
Data,2,record,timestamp,1450466363,s,heart_rate,138,bpm,smo2,68.7,percent,power,0,watts
Data,2,record,timestamp,1450466364,s,heart_rate,138,bpm,smo2,68.4,percent,power,0,watts
Data,2,record,timestamp,1450466365,s,heart_rate,138,bpm,smo2,68.1,percent,power,0,watts
Data,2,record,timestamp,1450466366,s,heart_rate,137,bpm,smo2,67.9,percent,power,0,watts
Data,2,record,timestamp,1450466367,s,heart_rate,137,bpm,smo2,67.6,percent,power,0,watts
